Zeitstempel [s],Anregung [mm],Amplitude [mm]
0.0110268592834473,0,-0.301600000000001
0.021723747253418,0,-0.301600000000001
0.0323843955993652,0,-0.301600000000001
0.0430092811584473,0,-0.301600000000001
0.0536377429962158,0,-0.301600000000001
0.0642466545104981,0,-0.301600000000001
0.0748801231384277,0,-0.301600000000001
0.0856533050537109,0,-0.301600000000001
0.0963354110717773,0,-0.301600000000001
0.107009410858154,0,-0.301600000000001
0.117616653442383,0,-0.301600000000001
0.128219366073608,0,-0.301600000000001
0.138834714889526,0,-0.301600000000001
0.14951491355896,0,-0.301600000000001
0.160130500793457,0,-0.301600000000001
0.17074990272522,0,-0.301600000000001
0.181385040283203,0,-0.301600000000001
0.191998958587646,0,-0.301600000000001
0.202621936798096,0,-0.301600000000001
0.213232517242432,0,-0.301600000000001
0.223880052566528,0,-0.301600000000001
0.234483480453491,0,-0.301600000000001
0.245197772979736,0,-0.301600000000001
0.255901575088501,0,-0.301600000000001
0.266544580459595,0,-0.301600000000001
0.277202606201172,0,-0.301600000000001
0.287834644317627,0,-0.301600000000001
0.298513174057007,0,-0.301600000000001
0.309136390686035,0,-0.301600000000001
0.319748401641846,0,-0.301600000000001
0.330364942550659,0,-0.301600000000001
0.340991735458374,0,-0.301600000000001
0.351619243621826,0,-0.301600000000001
0.362228393554688,0,-0.301600000000001
0.372848510742188,0,-0.301600000000001
0.38352370262146,0,-0.301600000000001
0.394139528274536,0,-0.301600000000001
0.404760360717773,0,-0.301600000000001
0.415590286254883,0,-0.301600000000001
0.42625093460083,0,-0.301600000000001
0.436865568161011,0,-0.301600000000001
0.44748854637146,0,-0.301600000000001
0.458113193511963,0,-0.301600000000001
0.468714475631714,0,-0.301600000000001
0.479403018951416,0,-0.301600000000001
0.490035533905029,0,-0.301600000000001
0.500653028488159,0,-0.301600000000001
0.511283159255981,0,-0.301600000000001
0.521918296813965,0,-0.301600000000001
0.532597780227661,0,-0.301600000000001
0.543222188949585,0,-0.301600000000001
0.553864479064941,0,-0.301600000000001
0.564516067504883,0,-0.301600000000001
0.575483560562134,0,-0.301600000000001
0.586114645004273,0,-0.301600000000001
0.596742630004883,0,-0.301600000000001
0.607367515563965,0,-0.301600000000001
0.617987632751465,0,-0.301600000000001
0.62859582901001,0,-0.301600000000001
0.639262914657593,0,-0.301600000000001
0.649879217147827,0,-0.301600000000001
0.660484790802002,0,-0.301600000000001
0.671100616455078,0,-0.301600000000001
0.681728601455689,0,-0.301600000000001
0.69235110282898,0,-0.301600000000001
0.702981472015381,0,-0.301600000000001
0.713602781295776,0,-0.301600000000001
0.724226236343384,0,-0.301600000000001
0.734844446182251,0,-0.301600000000001
0.745946884155273,0,-0.301600000000001
0.756623268127441,0,-0.301600000000001
0.767234563827515,0,-0.301600000000001
0.777846097946167,0,-0.301600000000001
0.788474798202515,0,-0.301600000000001
0.799111366271973,0,-0.301600000000001
0.809735536575317,0,-0.301600000000001
0.820319414138794,0,-0.301600000000001
0.830835819244385,0,-0.301600000000001
0.841475248336792,0,-0.301600000000001
0.852139234542847,0,-0.301600000000001
0.862756729125977,0,-0.301600000000001
0.873464107513428,0,-0.301600000000001
0.884105920791626,0,-0.301600000000001
0.894729852676392,0,-0.301600000000001
0.905773878097534,0,-0.301600000000001
0.916422367095947,0,-0.301600000000001
0.927316188812256,0,-0.301600000000001
0.93784499168396,0,-0.301600000000001
0.949271440505981,0,-0.301600000000001
0.959829807281494,0,-0.301600000000001
0.970388889312744,0,-0.301600000000001
0.981475591659546,0,-0.301600000000001
0.992010593414307,0,-0.301600000000001
1.0033905506134,0,-0.301600000000001
1.01475548744202,0,-0.301600000000001
1.02651906013489,-0.01,-0.301600000000001
1.03794813156128,-0.02,-0.301600000000001
1.04946732521057,-0.04,-0.301600000000001
1.06041383743286,-0.065,-0.301600000000001
1.07116317749023,-0.09,-0.301600000000001
1.08189177513123,-0.11,-0.301600000000001
1.09261131286621,-0.14,-0.301600000000001
1.10344243049622,-0.175,-0.301600000000001
1.11411905288696,-0.215,-0.301600000000001
1.12487721443176,-0.245,-0.301600000000001
1.13576674461365,-0.295,-0.301600000000001
1.1464467048645,-0.345,-0.301600000000001
1.15719699859619,-0.385,-0.301600000000001
1.16789197921753,-0.44,-0.301600000000001
1.17864298820496,-0.5,-0.301600000000001
1.18948030471802,-0.565,-0.301600000000001
1.2001531124115,-0.62,-0.301600000000001
1.21093416213989,-0.69,-0.301600000000001
1.22162199020386,-0.765,-0.301600000000001
1.23231530189514,-0.845,-0.301600000000001
1.24377799034119,-0.925,-0.301600000000001
1.25457525253296,-1.015,-0.301600000000001
1.26537203788757,-1.105,-0.301600000000001
1.27604126930237,-1.2,-0.301600000000001
1.28681349754334,-1.3,-0.301600000000001
1.29769659042358,-1.4,-0.301600000000001
1.30837345123291,-1.505,-0.301600000000001
1.31963586807251,-1.645,-0.301600000000001
1.33032083511353,-1.755,-0.301600000000001
1.34134745597839,-1.905,-0.3537
1.35266184806824,-2.06,-0.3537
1.36410737037659,-2.185,-0.3537
1.37536597251892,-2.35,-0.3537
1.38614106178284,-2.515,-0.405799999999999
1.39681625366211,-2.655,-0.405799999999999
1.40757417678833,-2.835,-0.405799999999999
1.41826581954956,-2.985,-0.457899999999999
1.42915296554565,-3.135,-0.457899999999999
1.44002914428711,-3.325,-0.510000000000002
1.45071172714233,-3.485,-0.510000000000002
1.46145939826965,-3.69,-0.6142
1.47235870361328,-3.895,-0.6142
1.48310232162476,-4.065,-0.718399999999999
1.49385690689087,-4.285,-0.718399999999999
1.50478482246399,-4.505,-0.874700000000001
1.51562690734863,-4.69,-1.031
1.52662134170532,-4.92,-1.031
1.5375120639801,-5.16,-1.1873
1.5481858253479,-5.35,-1.1873
1.55894708633423,-5.595,-1.4478
1.5696234703064,-5.795,-1.4478
1.58061981201172,-6.05,-1.7083
1.59135580062866,-6.31,-1.7083
1.6021134853363,-6.52,-1.9688
1.61303400993347,-6.785,-1.9688
1.62378287315369,-7.06,-2.2814
1.63453888893127,-7.28,-2.2814
1.64594507217407,-7.56,-2.6982
1.65686917304993,-7.84,-3.115
1.66761589050293,-8.13,-3.115
1.67836546897888,-8.365,-3.5318
1.68932390213013,-8.66,-3.5318
1.70000386238098,-8.96,-4.0528
1.7106716632843,-9.2,-4.0528
1.72174000740051,-9.505,-4.6259
1.73257327079773,-9.815,-4.6259
1.7433168888092,-10.07,-5.199
1.7539963722229,-10.385,-5.199
1.76506853103638,-10.64,-5.8763
1.77667760848999,-11.03,-6.5536
1.78808355331421,-11.36,-6.5536
1.79951643943787,-11.69,-7.283
1.81094169616699,-12.025,-7.283
1.82169365882874,-12.36,-8.0124
1.83236169815063,-12.7,-8.0124
1.84311151504517,-12.975,-8.7418
1.85380220413208,-13.325,-8.7418
1.86459469795227,-13.6,-9.5233
1.8755578994751,-13.955,-10.3569
1.88631248474121,-14.31,-10.3569
1.8970775604248,-14.665,-11.1905
1.90789461135864,-15.025,-11.1905
1.91874098777771,-15.385,-12.0241
1.92954111099243,-15.75,-12.0241
1.94036531448364,-16.115,-12.8577
1.95132112503052,-16.485,-12.8577
1.96205615997314,-16.78,-13.7434
1.97272944450378,-17.155,-13.7434
1.98338890075684,-17.525,-14.6291
1.9941258430481,-17.905,-14.6291
2.004798412323,-18.28,-15.5148
2.01620101928711,-18.66,-16.4005
2.02702641487122,-19.04,-16.4005
2.03770351409912,-19.345,-17.2862
2.04846453666687,-19.73,-17.2862
2.05919122695923,-20.115,-18.1198
2.06991052627563,-20.425,-18.1198
2.08067655563355,-20.735,-19.0055
2.09200286865234,-21.12,-19.0055
2.10267615318298,-21.51,-19.787
2.11339545249939,-21.82,-19.787
2.12527322769165,-22.21,-20.6206
2.13697814941406,-22.68,-21.4021
2.14852261543274,-23.075,-21.4021
2.1599600315094,-23.465,-22.1315
2.17140030860901,-23.86,-22.1315
2.1831214427948,-24.25,-22.8609
2.19404458999634,-24.645,-22.8609
2.2047131061554,-25.035,-23.5903
2.21630597114563,-25.35,-24.2676
2.22747540473938,-25.745,-24.2676
2.23814964294434,-26.06,-24.9449
2.24903035163879,-26.375,-24.9449
2.25970697402954,-26.765,-25.518
2.27120041847229,-27.08,-25.518
2.28270101547241,-27.39,-26.1432
2.29417061805725,-27.705,-26.1432
2.30487203598022,-28.015,-26.6642
2.31647777557373,-28.33,-27.1852
2.32802963256836,-28.64,-27.1852
2.34077072143555,-28.95,-27.7062
2.3522469997406,-29.26,-27.7062
2.36295318603516,-29.57,-28.123
2.37449216842651,-29.955,-28.123
2.3853063583374,-30.265,-28.5919
2.39652228355408,-30.65,-29.0087
2.40726613998413,-30.955,-29.0087
2.41795468330383,-31.335,-29.3734
2.428626537323,-31.64,-29.3734
2.4402163028717,-32.015,-29.7381
2.45088386535645,-32.395,-29.7381
2.46236515045166,-32.77,-30.1028
2.47389078140259,-33.065,-30.1028
2.48464345932007,-33.435,-30.4675
2.49590539932251,-33.805,-30.7801
2.50660014152527,-34.1,-30.7801
2.51752662658691,-34.465,-31.1448
2.52838468551636,-34.825,-31.1448
2.53925395011902,-35.115,-31.4574
2.55004191398621,-35.4,-31.4574
2.56189322471619,-35.76,-31.8221
2.57267594337463,-36.04,-31.8221
2.58350729942322,-36.395,-32.1868
2.59433126449585,-36.67,-32.1868
2.60509848594666,-36.95,-32.5515
2.61645436286926,-37.295,-32.9683
2.62710356712341,-37.565,-32.9683
2.63804888725281,-37.905,-33.4372
2.64875173568726,-38.17,-33.4372
2.65987896919251,-38.505,-33.854
2.67063975334168,-38.77,-33.854
2.6817479133606,-39.095,-34.375
2.69260144233704,-39.355,-34.375
2.70327210426331,-39.545,-34.8439
2.71404027938843,-39.8,-34.8439
2.72484159469605,-40.05,-35.417
2.7357816696167,-40.24,-35.9901
2.74655294418335,-40.49,-35.9901
2.75721669197083,-40.735,-36.6153
2.76799893379211,-40.915,-36.6153
2.77881264686584,-41.155,-37.2405
2.78977823257446,-41.455,-37.2405
2.80066919326782,-41.75,-37.8657
2.81138134002686,-41.98,-37.8657
2.82222580909729,-42.21,-38.543
2.83290457725525,-42.435,-38.543
2.84386253356934,-42.715,-39.2203
2.85469079017639,-42.935,-39.2203
2.866858959198,-43.155,-39.8976
2.877690076828,-43.425,-40.5749
2.88848924636841,-43.635,-40.5749
2.89929795265198,-43.895,-41.2001
2.90995192527771,-44.15,-41.2001
2.9207329750061,-44.4,-41.8774
2.93141889572144,-44.595,-41.8774
2.94244289398193,-44.79,-42.5547
2.95363664627075,-45.025,-42.5547
2.96470093727112,-45.26,-43.232
2.97577548027039,-45.49,-43.232
2.98661208152771,-45.665,-43.8051
2.99737143516541,-45.84,-44.4303
3.0081057548523,-45.97,-44.4303
3.01881241798401,-46.14,-45.0555
3.02958345413208,-46.305,-45.0555
3.04032754898071,-46.47,-45.5765
3.0516722202301,-46.67,-45.5765
3.06242442131043,-46.825,-46.1496
3.07383751869202,-47.01,-46.1496
3.08577442169189,-47.16,-46.6185
3.09654307365418,-47.305,-47.0874
3.1073477268219,-47.48,-47.0874
3.11817359924316,-47.615,-47.5042
3.12895631790161,-47.78,-47.5042
3.13972067832947,-47.935,-47.8689
3.15044498443604,-48.06,-47.8689
3.16113352775574,-48.21,-48.2336
3.17216873168945,-48.35,-48.2336
3.18282866477966,-48.465,-48.4941
3.1935920715332,-48.595,-48.4941
3.20436334609985,-48.695,-48.7546
3.21566772460938,-48.82,-48.9109
3.22642779350281,-48.935,-48.9109
3.23727250099182,-49.025,-49.0672
3.24795913696289,-49.13,-49.0672
3.2586362361908,-49.21,-49.1714
3.26998949050903,-49.305,-49.1714
3.2808678150177,-49.375,-49.2235
3.29215669631958,-49.46,-49.2235
3.30285835266113,-49.525,-49.2756
3.31370854377747,-49.585,-49.2756
3.3253710269928,-49.64,-49.3277
3.33694839477539,-49.69,-49.3277
3.34813189506531,-49.735,-49.3277
3.35957336425781,-49.79,-49.3277
3.37123084068298,-49.835,-49.3277
3.38271284103394,-49.87,-49.3277
3.39419484138489,-49.9,-49.3277
3.40489029884338,-49.925,-49.3277
3.41730260848999,-49.95,-49.3277
3.42804646492004,-49.965,-49.3277
3.43968653678894,-49.98,-49.3798
3.45133543014526,-49.99,-49.3798
3.46271848678589,-49.995,-49.3798
3.47353863716126,-50,-49.3798
3.48421263694763,-50,-49.3798
3.49574947357178,-50,-49.3798
3.50655817985535,-50,-49.3798
3.51743531227112,-50,-49.3798
3.52827978134155,-50,-49.3798
3.53894805908203,-50,-49.3798
3.5505166053772,-50,-49.3798
3.56320428848267,-50,-49.3798
3.57483410835266,-50,-49.3798
3.58621716499329,-50,-49.3798
3.59704160690308,-50,-49.3798
3.60800933837891,-50,-49.3798
3.61905431747437,-50,-49.4319
3.63026070594788,-50,-49.4319
3.64107370376587,-50,-49.4319
3.65266346931458,-50,-49.4319
3.66388487815857,-50,-49.4319
3.6756317615509,-50,-49.4319
3.68643736839294,-50,-49.4319
3.69744443893433,-50,-49.4319
3.70917367935181,-50,-49.4319
3.72090888023376,-50,-49.4319
3.73255753517151,-50,-49.4319
3.74432182312012,-50,-49.4319
3.75627374649048,-50,-49.4319
3.7677538394928,-50,-49.4319
3.77928304672241,-50,-49.4319
3.79106307029724,-50,-49.4319
3.80276441574097,-50,-49.4319
3.81448101997376,-50,-49.4319
3.8255660533905,-50,-49.484
3.8363664150238,-50,-49.484
3.84706497192383,-50,-49.484
3.85805606842041,-50,-49.484
3.8687264919281,-50,-49.484
3.8794584274292,-50,-49.4319
3.89012908935547,-50,-49.4319
3.90079569816589,-50,-49.484
3.91160988807678,-50,-49.484
3.92255210876465,-50,-49.484
3.93406867980957,-50,-49.484
3.9454448223114,-50,-49.484
3.95707225799561,-50,-49.484
3.96781802177429,-50,-49.484
3.9790632724762,-50,-49.484
3.98981380462647,-50,-49.484
4.00092506408691,-50,-49.484
4.01241183280945,-50,-49.484
4.02419781684876,-50,-49.484
4.03612112998962,-50,-49.5361
4.04754424095154,-50,-49.5361
4.05928754806519,-50,-49.484
4.07028293609619,-50,-49.484
4.08129620552063,-50,-49.484
4.09197902679443,-50,-49.484
4.10271978378296,-50,-49.5361
4.11346769332886,-50,-49.5361
4.1241455078125,-50,-49.484
4.13488745689392,-50,-49.484
4.14581036567688,-50,-49.484
4.15675902366638,-50,-49.5361
4.16764950752258,-50,-49.5361
4.17854523658752,-50,-49.5361
4.18972301483154,-50,-49.5361
4.20059514045715,-50,-49.484
4.21144533157349,-50,-49.484
4.22256207466126,-50,-49.484
4.23324823379517,-50,-49.484
4.24399566650391,-50,-49.5361
4.2565221786499,-50,-49.484
4.26753878593445,-50,-49.484
4.27861261367798,-50,-49.5361
4.28989696502686,-50,-49.5361
4.30063080787659,-50,-49.5361
4.31155157089233,-50,-49.5361
4.32223963737488,-50,-49.5361
4.33352470397949,-50,-49.5361
4.34516835212708,-50,-49.5361
4.35663533210754,-50,-49.5361
4.36819076538086,-50,-49.5361
4.37967991828919,-50,-49.5361
4.39126682281494,-50,-49.5361
4.40276598930359,-50,-49.5361
4.41441893577576,-50,-49.5361
4.42552900314331,-50,-49.5361
4.43624615669251,-50,-49.5361
4.44705200195313,-50,-49.5361
4.45851588249207,-50,-49.5882
4.46918082237244,-50,-49.5882
4.48039269447327,-50,-49.5882
4.49196171760559,-50,-49.5882
4.50362539291382,-50,-49.5882
4.51429319381714,-50,-49.5882
4.52537131309509,-50,-49.5882
4.53702878952026,-50,-49.5882
4.54826807975769,-50,-49.5882
4.55978155136108,-50,-49.5882
4.57146430015564,-50,-49.5882
4.5821430683136,-50,-49.5882
4.59473919868469,-50,-49.5882
4.60645508766174,-50,-49.5882
4.61829495429993,-50,-49.5882
4.62971949577332,-50,-49.5882
4.64152526855469,-50,-49.5882
4.65291237831116,-50,-49.5882
4.66454887390137,-50,-49.5882
4.67642664909363,-50,-49.5882
4.68816709518433,-50,-49.5882
4.69989442825317,-50,-49.5882
4.71137356758118,-50,-49.5882
4.72295665740967,-50,-49.5882
4.73436594009399,-50,-49.5882
4.74595093727112,-50,-49.5882
4.75748252868652,-50,-49.5882
4.76906800270081,-50,-49.5882
4.78102993965149,-50,-49.5882
4.79264807701111,-50,-49.5882
4.80437779426575,-50,-49.5882
4.81629848480225,-50,-49.5882
4.82789635658264,-50,-49.5882
4.83903670310974,-50,-49.6403
4.85084843635559,-50,-49.6403
4.86224269866943,-50,-49.5882
4.87374377250671,-50,-49.5882
4.8844108581543,-50,-49.6403
4.8970844745636,-50,-49.5882
4.90896105766296,-50,-49.5882
4.92037057876587,-50,-49.5882
4.93188190460205,-50,-49.5882
4.94372749328613,-50,-49.6403
4.95524644851685,-50,-49.6403
4.96703791618347,-50,-49.6403
4.97852230072022,-50,-49.6403
4.99025011062622,-50,-49.6403
5.00172424316406,-50,-49.5882
5.01256394386292,-50,-49.5882
5.02358865737915,-50,-49.6403
5.03448748588562,-50,-49.6403
5.04613900184631,-50,-49.6403
5.05708813667297,-50,-49.5882
5.06800842285156,-50,-49.5882
5.07961940765381,-50,-49.6403
5.09083318710327,-50,-49.6403
5.10148572921753,-50,-49.6403
5.11257195472717,-50,-49.6403
5.12422752380371,-50,-49.6403
5.13588809967041,-50,-49.5882
5.14710092544556,-50,-49.5882
5.15878224372864,-50,-49.6403
5.17029595375061,-50,-49.6403
5.18225502967835,-50,-49.6403
5.19393920898438,-50,-49.6403
5.20535588264465,-50,-49.6403
5.21601986885071,-50,-49.6403
5.22677540779114,-50,-49.6403
5.23751664161682,-50,-49.6403
5.24822735786438,-50,-49.6403
5.25903272628784,-50,-49.6403
5.27004814147949,-50,-49.6403
5.28128552436829,-50,-49.6403
5.29279112815857,-50,-49.6403
5.30421447753906,-50,-49.6403
5.31495666503906,-50,-49.6403
5.32667660713196,-50,-49.6403
5.33825278282166,-50,-49.6403
5.34893465042114,-50,-49.6403
5.3601655960083,-50,-49.6403
5.37149691581726,-50,-49.6403
5.38217568397522,-50,-49.6403
5.39287519454956,-50,-49.6403
5.40369367599487,-50,-49.6403
5.41507172584534,-50,-49.6403
5.42675089836121,-50,-49.6403
5.43773531913757,-50,-49.6403
5.44853591918945,-50,-49.6403
5.45936965942383,-50,-49.6403
5.4705274105072,-50,-49.6403
5.48135733604431,-50,-49.6924
5.49244713783264,-50,-49.6924
5.50329613685608,-50,-49.6924
5.51414847373962,-50,-49.6924
5.52513217926025,-50,-49.6403
5.53605723381043,-50,-49.6924
5.54701137542725,-50,-49.6924
5.55793213844299,-50,-49.6403
5.56875538825989,-50,-49.6403
5.5794837474823,-50,-49.6403
5.59018325805664,-50,-49.6403
5.60163855552673,-50,-49.6924
5.61311745643616,-50,-49.6924
5.62469244003296,-50,-49.6403
5.63646507263184,-50,-49.6924
5.64800119400024,-50,-49.6924
5.65950155258179,-50,-49.6403
5.67022228240967,-50,-49.6403
5.68177509307861,-50,-49.6924
5.69255113601685,-50,-49.6924
5.70371270179749,-50,-49.6403
5.7151403427124,-50,-49.6403
5.72651672363281,-50,-49.6924
5.73756194114685,-50,-49.6924
5.74864840507507,-50,-49.6924
5.7596423625946,-50,-49.6924
5.77053499221802,-50,-49.6924
5.78138995170593,-50,-49.6924
5.79218721389771,-50,-49.6924
5.80306696891785,-50,-49.6924
5.81390070915222,-50,-49.6924
5.82474637031555,-50,-49.6924
5.83591270446777,-50,-49.6924
5.84689044952393,-50,-49.6924
5.85776686668396,-50,-49.6924
5.86865258216858,-50,-49.6924
5.87961030006409,-50,-49.6924
5.89059901237488,-50,-49.6924
5.9014310836792,-50,-49.6924
5.91242647171021,-50,-49.6924
5.92340350151062,-50,-49.6924
5.93443393707275,-50,-49.6924
5.94542360305786,-50,-49.6924
5.9563148021698,50,-49.6924
5.96735286712647,50,-49.6924
5.9783570766449,50,-49.6924
5.98930144309998,50,-49.6924
6.00027465820313,50,-49.6924
6.01113033294678,50,-49.6924
6.02201461791992,50,-49.6924
6.03280019760132,50,-49.6924
6.04427075386047,50,-49.7445
6.05598592758179,50,-49.5882
6.06673693656921,50,-49.5882
6.07748651504517,50,-49.2235
6.08814191818237,50,-49.2235
6.09888029098511,50,-48.3899
6.1096179485321,50,-48.3899
6.12037491798401,50,-46.879
6.13103771209717,50,-46.879
6.14175915718079,50,-44.5866
6.15247964859009,50,-44.5866
6.16330552101135,50,-41.4085
6.17400574684143,50,-41.4085
6.1850757598877,50,-37.1363
6.1960654258728,50,-31.77
6.20715022087097,50,-31.77
6.21839356422424,50,-25.1533
6.22989439964294,50,-25.1533
6.24080085754395,50,-17.3904
6.25228691101074,50,-17.3904
6.26373529434204,50,-8.4813
6.27467727661133,50,-8.4813
6.28541326522827,50,1.574
6.29608082771301,50,12.4629
6.30675625801086,50,12.4629
6.31772613525391,50,24.1333
6.32843542098999,50,24.1333
6.33916711807251,50,35.96
6.35010242462158,50,35.96
6.36090135574341,50,48.2035
6.37191486358643,50,48.2035
6.38275074958801,50,60.3428
6.39359307289124,50,60.3428
6.40440058708191,50,72.2216
6.41573834419251,50,83.892
6.4265570640564,50,83.892
6.43737030029297,50,94.9372
6.44809603691101,50,94.9372
6.45887589454651,50,105.2009
6.46980738639832,50,105.2009
6.48060202598572,50,114.631
6.4915177822113,50,114.631
6.50233960151672,50,122.8107
6.51322317123413,50,122.8107
6.52401947975159,50,129.6879
6.53487467765808,50,129.6879
6.54624485969544,50,135.3147
6.55705952644348,50,139.4306
6.56785416603088,50,139.4306
6.57874703407288,50,142.0877
6.58968091011047,50,142.0877
6.60048866271973,50,143.1818
6.61126852035523,50,143.1818
6.62199544906616,50,142.7129
6.6327497959137,50,142.7129
6.64349937438965,50,140.7852
6.65426564216614,50,140.7852
6.66492748260498,50,137.3466
6.67576146125794,50,132.3971
6.68653464317322,50,132.3971
6.69725799560547,50,126.0409
6.70790839195252,50,126.0409
6.71867561340332,50,118.4343
6.72942852973938,50,118.4343
6.74021601676941,50,109.7336
6.75093674659729,50,109.7336
6.76167321205139,50,100.0951
6.77245569229126,50,100.0951
6.78313040733337,50,89.623
6.79396653175354,50,89.623
6.80469822883606,50,78.5778
6.8157057762146,50,78.5778
6.82652401924133,50,67.22
6.83745956420898,50,55.7059
6.84869337081909,50,55.7059
6.85980224609375,50,43.7229
6.87074851989746,50,43.7229
6.88157606124878,50,32.0004
6.89243817329407,50,32.0004
6.90311121940613,50,20.7468
6.91394686698914,50,20.7468
6.92493987083435,50,9.91
6.93645763397217,50,0.115199999999998
6.94724011421204,50,0.115199999999998
6.95794248580933,50,-8.7939
6.96886014938355,50,-8.7939
6.97964429855347,50,-16.6089
6.99043416976929,50,-16.6089
7.00135493278503,50,-23.2777
7.01203227043152,50,-23.2777
7.02281856536865,50,-28.5919
7.03349566459656,50,-28.5919
7.04467582702637,50,-32.5515
7.05608320236206,50,-35.0523
7.06682205200195,50,-35.0523
7.07803511619568,50,-36.0422
7.08947849273682,50,-36.0422
7.1001615524292,50,-35.5212
7.11173319816589,50,-35.5212
7.12324094772339,50,-33.5935
7.13395524024963,50,-33.5935
7.14475107192993,50,-30.3633
7.15559768676758,50,-30.3633
7.16651773452759,50,-25.6222
7.17727398872376,50,-19.6307
7.18792772293091,50,-19.6307
7.19905161857605,50,-12.4409
7.20969986915588,50,-12.4409
7.22044372558594,50,-4.157
7.23126077651978,50,-4.157
7.24200963973999,50,4.9084
7.25272464752197,50,4.9084
7.2633855342865,50,14.9116
7.2740638256073,50,14.9116
7.28535723686218,50,25.4879
7.29613852500916,50,36.2726
7.30694198608398,50,36.2726
7.31822228431702,50,47.4741
7.329270362854,50,47.4741
7.33992886543274,50,58.6235
7.35058832168579,50,58.6235
7.36134362220764,50,69.5124
7.37218570709229,50,69.5124
7.38293528556824,50,80.1408
7.39401626586914,50,80.1408
7.40467524528503,50,90.1961
7.4158365726471,50,99.6262
7.4266848564148,50,99.6262
7.43741941452026,50,108.2227
7.44814467430115,50,108.2227
7.4589569568634,50,115.7772
7.46976566314697,50,115.7772
7.48079299926758,50,122.1855
7.49159026145935,50,122.1855
7.50225424766541,50,127.3955
7.51306867599487,50,127.3955
7.52418947219849,50,131.303
7.53620624542236,50,133.8038
7.54720067977905,50,133.8038
7.55848550796509,50,134.8458
7.56976199150085,50,134.8458
7.58060479164124,50,134.4811
7.59145569801331,50,134.4811
7.60217261314392,50,132.7618
7.61310887336731,50,132.7618
7.62377953529358,50,129.7921
7.6347188949585,50,129.7921
7.64606142044067,50,125.4678
7.6567976474762,50,119.8931
7.66771173477173,50,119.8931
7.67837476730347,50,113.1722
7.68904137611389,50,113.1722
7.69977474212647,50,105.253
7.71079826354981,50,105.253
7.72153306007385,50,96.6044
7.7322690486908,50,96.6044
7.74322628974915,50,87.1222
7.75398302078247,50,87.1222
7.76465034484863,50,77.119
7.77567267417908,50,66.8553
7.78632855415344,50,66.8553
7.79704833030701,50,56.3311
7.80798888206482,50,56.3311
7.81879663467407,50,45.5464
7.82954478263855,50,45.5464
7.840500831604,50,34.918
7.85116815567017,50,34.918
7.86183285713196,50,24.7585
7.8728129863739,50,24.7585
7.88362288475037,50,14.8074
7.89435768127441,50,14.8074
7.90517210960388,50,5.6378
7.91582441329956,50,-2.6461
7.92648267745972,50,-2.6461
7.93714714050293,50,-9.888
7.94792294502258,50,-9.888
7.95858693122864,50,-16.0358
7.96954870223999,50,-16.0358
7.98030614852905,50,-20.9853
7.99145913124085,50,-20.9853
8.00213861465454,50,-24.7365
8.01280379295349,50,-24.7365
8.02354621887207,50,-27.1331
8.03422474861145,50,-27.1331
8.0452516078949,50,-28.123
8.05596446990967,50,-27.7583
8.06716537475586,50,-27.7583
8.07871389389038,50,-26.0911
8.08971691131592,50,-26.0911
8.10049986839294,50,-23.1735
8.11140203475952,50,-23.1735
8.12209272384644,50,-19.0055
8.13356947898865,50,-19.0055
8.14480328559876,50,-13.6392
8.15603184700012,50,-7.1788
8.16668176651001,50,-7.1788
8.17795920372009,50,0.323599999999999
8.18938088417053,50,0.323599999999999
8.20003747940064,50,8.6075
8.21147847175598,50,8.6075
8.22307395935059,50,17.7771
8.2337429523468,50,17.7771
8.2444441318512,50,27.3114
8.25605797767639,50,37.2104
8.26699280738831,50,37.2104
8.27796387672424,50,47.4741
8.28900408744812,50,47.4741
8.2998206615448,50,57.6336
8.31068921089172,50,57.6336
8.32148456573486,50,67.5847
8.3324568271637,50,67.5847
8.34324622154236,50,77.2753
8.35409760475159,50,77.2753
8.36516785621643,50,86.5491
8.37609505653381,50,95.1456
8.38745379447937,50,95.1456
8.39901995658875,50,102.8564
8.41043496131897,50,102.8564
8.4221339225769,50,109.8378
8.43355464935303,50,109.8378
8.44421648979187,50,115.6209
8.45680999755859,50,120.362
8.4674756526947,50,120.362
8.47824335098267,50,123.9048
8.48902225494385,50,123.9048
8.49978923797607,50,126.1972
8.5107102394104,50,126.1972
8.52144241333008,50,127.1871
8.53257203102112,50,127.1871
8.54403805732727,50,126.8745
8.55559515953064,50,126.8745
8.56732034683228,50,125.2594
8.5779869556427,50,122.4981
8.58946990966797,50,122.4981
8.60014295578003,50,118.4864
8.61085557937622,50,118.4864
8.62210607528687,50,113.4327
8.63283777236939,50,113.4327
8.64402151107788,50,107.2328
8.65568566322327,50,100.2514
8.66691994667053,50,100.2514
8.67832517623901,50,92.3322
8.68915724754334,50,92.3322
8.70070290565491,50,83.8399
8.71229195594788,50,83.8399
8.72387099266052,50,74.7745
8.73574829101563,50,65.5007
8.74660229682922,50,65.5007
8.75730967521668,50,56.0706
8.76797699928284,50,56.0706
8.77878880500794,50,46.3279
8.78946328163147,50,46.3279
8.80025815963745,50,36.7415
8.81105852127075,50,36.7415
8.82260894775391,50,27.624
8.83333468437195,50,27.624
8.84456539154053,50,18.8191
8.85626316070557,50,10.5352
8.86692309379578,50,10.5352
8.87816834449768,50,3.0849
8.88895487785339,50,3.0849
8.89983630180359,50,-3.5318
8.91127920150757,50,-3.5318
8.92201852798462,50,-9.1065
8.93358778953552,50,-9.1065
8.94425320625305,50,-13.5871
8.95491886138916,50,-13.5871
8.96723818778992,50,-16.9215
8.97798824310303,50,-19.0576
8.98866987228394,50,-19.0576
8.99934196472168,50,-19.9954
9.01076126098633,50,-19.9954
9.02143025398254,50,-19.6828
9.03293251991272,50,-19.6828
9.04451394081116,50,-18.224
9.05589985847473,50,-15.619
9.06654500961304,50,-15.619
9.07726049423218,50,-11.9199
9.08799028396606,50,-11.9199
9.09871649742127,50,-7.1267
9.10947799682617,50,-7.1267
9.1201286315918,50,-1.2915
9.13103199005127,50,-1.2915
9.14180541038513,50,5.3252
9.15248513221741,50,5.3252
9.16338586807251,50,12.7755
9.17423224449158,50,12.7755
9.18490290641785,50,21.0073
9.19618558883667,50,29.4996
9.20685911178589,50,29.4996
9.21771240234375,50,38.3045
9.22838544845581,50,38.3045
9.23918843269348,50,47.4741
9.25000500679016,50,47.4741
9.26070547103882,50,56.5916
9.27137565612793,50,56.5916
9.28211116790772,50,65.5007
9.29277205467224,50,65.5007
9.30376315116882,50,74.0451
9.31450295448303,50,74.0451
9.32579684257507,50,82.4332
9.33657670021057,50,90.0398
9.34729766845703,50,90.0398
9.35799264907837,50,97.1254
9.36871528625488,50,97.1254
9.3795793056488,50,103.169
9.3905234336853,50,103.169
9.40118956565857,50,108.4832
9.41232585906982,50,108.4832
9.42305660247803,50,112.8075
9.43405556678772,50,112.8075
9.44529104232788,50,115.9856
9.45653939247131,50,118.0696
9.46796250343323,50,118.0696
9.47883415222168,50,118.9032
9.49009490013123,50,118.9032
9.50108170509338,50,118.6948
9.51183748245239,50,118.6948
9.52249956130981,50,117.3402
9.53324007987976,50,117.3402
9.54391241073608,50,114.9436
9.55493259429932,50,114.9436
9.56596279144287,50,111.505
9.57709240913391,50,106.9723
9.58779001235962,50,106.9723
9.59888052940369,50,101.606
9.60953712463379,50,101.606
9.62026762962341,50,95.354
9.63102221488953,50,95.354
9.64169716835022,50,88.3726
9.65258836746216,50,88.3726
9.66334390640259,50,80.8181
9.67401719093323,50,80.8181
9.68475365638733,50,72.7947
9.69617867469788,50,64.5108
9.70685696601868,50,64.5108
9.71794724464417,50,56.0706
9.72902083396912,50,56.0706
9.73979473114014,50,47.4741
9.75056648254395,50,47.4741
9.76125025749207,50,38.8776
9.77215933799744,50,38.8776
9.78297424316406,50,30.75
9.79368805885315,50,30.75
9.80444526672363,50,22.9871
9.8156635761261,50,15.5889
9.82652878761292,50,15.5889
9.83717846870422,50,8.868
9.84865283966065,50,8.868
9.86008238792419,50,2.9807
9.87160468101502,50,2.9807
9.88325047492981,50,-1.9688
9.89489912986755,50,-1.9688
9.90668249130249,50,-6.0847
9.91819453239441,50,-9.1065
9.92888426780701,50,-9.1065
9.94038009643555,50,-11.1384
9.95106744766235,50,-11.1384
9.96227383613586,50,-12.0762
9.97294306755066,50,-12.0762
9.98403549194336,50,-11.8157
9.9948742389679,50,-11.8157
10.0059974193573,50,-10.6695
10.016681432724,50,-8.3771
10.0274863243103,50,-8.3771
10.03835272789,50,-5.199
10.0491681098938,50,-5.199
10.0599269866943,50,-0.978899999999999
10.0707442760468,50,-0.978899999999999
10.0814096927643,50,4.0227
10.0920586585999,50,4.0227
10.1028687953949,50,9.8579
10.1135387420654,50,9.8579
10.1243770122528,50,16.4225
10.1355285644531,50,16.4225
10.1464192867279,50,23.6123
10.1570708751678,50,30.9584
10.1678071022034,50,30.9584
10.178585767746,50,38.7213
10.1893839836121,50,38.7213
10.200216293335,50,46.7968
10.2109897136688,50,46.7968
10.2218065261841,50,54.8723
10.2324795722961,50,54.8723
10.2431404590607,50,62.6873
10.2539908885956,50,62.6873
10.2651779651642,50,70.2418
10.276469707489,50,77.5358
10.2879190444946,50,77.5358
10.2988443374634,50,84.413
10.3097696304321,50,84.413
10.3204672336578,50,90.6129
10.3314819335938,50,90.6129
10.3429260253906,50,96.2397
10.3543517589569,50,96.2397
10.3659822940826,50,100.9808
10.3777272701263,50,104.7841
10.38920545578,50,104.7841
10.4006943702698,50,107.7538
10.4123272895813,50,107.7538
10.4231688976288,50,109.7336
10.4339022636414,50,109.7336
10.444596529007,50,110.7235
10.4563429355621,50,110.6714
10.4672162532806,50,110.6714
10.4778702259064,50,109.6294
10.4887533187866,50,109.6294
10.4994082450867,50,107.7017
10.510153055191,50,107.7017
10.521285533905,50,104.7841
10.5321035385132,50,104.7841
10.5428178310394,50,101.085
10.5537371635437,50,101.085
10.5646643638611,50,96.5523
10.5758829116821,50,91.1339
10.5875334739685,50,91.1339
10.5989952087402,50,85.1945
10.6104052066803,50,85.1945
10.6210672855377,50,78.6299
10.6327557563782,50,78.6299
10.6444880962372,50,71.7006
10.6562893390656,50,64.5108
10.6669507026672,50,64.5108
10.6776888370514,50,57.0605
10.6884386539459,50,57.0605
10.6991693973541,50,49.506
10.7098479270935,50,49.506
10.7205367088318,50,41.8473
10.7312076091766,50,41.8473
10.741959810257,50,34.6054
10.7526535987854,50,34.6054
10.7635273933411,50,27.7282
10.774270772934,50,27.7282
10.7857813835144,50,21.2157
10.7970435619354,50,15.12
10.808664560318,50,15.12
10.8200969696045,50,9.7537
10.8319387435913,50,9.7537
10.8434989452362,50,5.221
10.8549132347107,50,5.221
10.8665072917938,50,1.5219
10.8782107830048,50,-1.2915
10.8899717330933,50,-1.2915
10.9014573097229,50,-3.2192
10.912876367569,50,-3.2192
10.9235424995422,50,-4.2091
10.9366483688355,50,-4.2091
10.9480686187744,50,-4.2091
10.9596154689789,50,-3.2713
10.9710338115692,50,-3.2713
10.9817311763763,50,-1.4999
10.992419719696,50,-1.4999
11.0031759738922,50,1.2093
11.0139231681824,50,1.2093
11.0247361660004,50,4.7
11.0358774662018,50,9.0243
11.0468645095825,50,9.0243
11.0582940578461,50,14.078
11.0701966285706,50,14.078
11.0808815956116,50,19.809
11.0915641784668,50,19.809
11.1023061275482,50,25.9568
11.1129553318024,50,25.9568
11.1236517429352,50,32.3651
11.1343433856964,50,32.3651
11.1451082229614,50,39.1381
11.1561853885651,50,46.1716
11.1672894954681,50,46.1716
11.1783380508423,50,53.2572
11.1891641616821,50,53.2572
11.199830532074,50,60.1344
11.2105257511139,50,60.1344
11.2218334674835,50,66.8553
11.2324960231781,50,66.8553
11.2434842586517,50,73.2636
11.2541491985321,50,73.2636
11.2655692100525,50,79.3072
11.2762746810913,50,84.8819
11.2875895500183,50,84.8819
11.2982606887817,50,89.8314
11.3088946342468,50,89.8314
11.3202924728394,50,94.1557
11.3317110538483,50,94.1557
11.342465877533,50,97.6985
11.353978395462,50,97.6985
11.365532875061,50,100.3556
11.377096414566,50,102.1791
11.3886280059814,50,102.1791
11.4001870155334,50,103.1169
11.4108345508575,50,103.1169
11.4216480255127,50,103.2732
11.4323046207428,50,103.2732
11.4430334568024,50,102.5438
11.4536964893341,50,102.5438
11.4643700122833,50,101.0329
11.4752886295319,50,101.0329
11.4863541126251,50,98.6884
11.4971587657928,50,95.5103
11.5079686641693,50,95.5103
11.5186395645142,50,91.5507
11.5295472145081,50,91.5507
11.5403635501862,50,87.018
11.5510544776917,50,87.018
11.5622761249542,50,81.9122
11.5729374885559,50,81.9122
11.5840294361115,50,76.2333
11.5948605537415,50,76.2333
11.6061053276062,50,70.2939
11.6170585155487,50,64.0419
11.6278808116913,50,64.0419
11.6389231681824,50,57.6336
11.6497318744659,50,57.6336
11.6605520248413,50,51.1211
11.6713802814484,50,51.1211
11.6820600032806,50,44.5044
11.6931486129761,50,44.5044
11.7038292884827,50,38.0961
11.7146484851837,50,38.0961
11.7255148887634,50,32.0525
11.7365996837616,50,26.4257
11.7472751140594,50,26.4257
11.7582240104675,50,21.2157
11.7688920497894,50,21.2157
11.7800254821777,50,16.4225
11.7906975746155,50,16.4225
11.8014039993286,50,12.2545
11.8121063709259,50,12.2545
11.8234007358551,50,8.8159
11.8348379135132,50,8.8159
11.8468186855316,50,6.263
11.858261346817,50,4.4395
11.8696756362915,50,4.4395
11.8811023235321,50,3.5538
11.8927910327911,50,3.5538
11.904482126236,50,3.4496
11.9165532588959,50,4.0748
11.9274260997772,50,4.0748
11.9382960796356,50,5.4815
11.9490170478821,50,5.4815
11.9600026607513,50,7.6176
11.9708187580109,50,7.6176
11.9814891815186,50,10.5352
11.9924063682556,50,10.5352
12.003128528595,50,14.1822
12.013787984848,50,14.1822
12.02472448349,50,18.4544
12.0356686115265,50,23.2476
12.0467085838318,50,23.2476
12.0573768615723,50,28.3534
12.0682210922241,50,28.3534
12.0790002346039,50,33.7718
12.0896790027618,50,33.7718
12.1011419296265,50,39.5028
12.1118085384369,50,39.5028
12.1227095127106,50,45.4943
12.1334102153778,50,45.4943
12.1449468135834,50,51.59
12.1565837860107,50,57.4773
12.1673004627228,50,57.4773
12.1780512332916,50,63.2604
12.1890895366669,50,63.2604
12.1998310089111,50,68.783
12.2108001708984,50,68.783
12.2219090461731,50,73.9409
12.2327868938446,50,73.9409
12.2442233562469,50,78.8383
12.2555809020996,50,83.2668
12.2663877010345,50,83.2668
12.2771894931793,50,87.018
12.2884480953217,50,87.018
12.2999141216278,50,90.144
12.3113965988159,50,90.144
12.3223128318787,50,92.6969
12.3338062763214,50,92.6969
12.3453772068024,50,94.4162
12.3569867610931,50,95.4061
12.3682312965393,50,95.4061
12.3789949417114,50,95.6145
12.3897688388824,50,95.6145
12.4005346298218,50,95.1456
12.4113199710846,50,95.1456
12.422233581543,50,93.9473
12.4329674243927,50,93.9473
12.4436368942261,50,92.1238
12.4545822143555,50,92.1238
12.4653809070587,50,89.5188
12.4760386943817,50,86.3928
12.4867503643036,50,86.3928
12.4975688457489,50,82.6416
12.5083050727844,50,82.6416
12.5190377235413,50,78.2652
12.5298793315887,50,78.2652
12.5405426025391,50,73.5762
12.5512182712555,50,73.5762
12.5620210170746,50,68.6267
12.5729510784149,50,68.6267
12.5837762355804,50,63.3646
12.5945937633514,50,63.3646
12.6053221225739,50,57.9462
12.6161561012268,50,52.4236
12.6271722316742,50,52.4236
12.6379907131195,50,46.7968
12.6490480899811,50,46.7968
12.659726858139,50,41.2742
12.6707458496094,50,41.2742
12.6818046569824,50,36.0642
12.6927449703217,50,36.0642
12.7034242153168,50,31.1668
12.7142531871796,50,31.1668
12.7251255512238,50,26.7383
12.7361927032471,50,22.6745
12.7470116615295,50,22.6745
12.7576813697815,50,19.0275
12.7686128616333,50,19.0275
12.7794539928436,50,16.0578
12.7909696102142,50,16.0578
12.8016932010651,50,13.6612
12.8123636245728,50,13.6612
12.8230962753296,50,11.9419
12.8338339328766,50,11.9419
12.8453195095062,50,11.0041
12.8567337989807,50,10.6915
12.8675153255463,50,10.6915
12.8782625198364,50,11.1083
12.8891491889954,50,11.1083
12.8999030590057,50,12.1503
12.9106674194336,50,12.1503
12.9213404655457,50,13.8696
12.932037115097,50,13.8696
12.9428012371063,50,16.2662
12.9535555839539,50,16.2662
12.9642655849457,50,19.2359
12.9755156040192,50,22.6745
12.9863409996033,50,22.6745
12.9970362186432,50,26.582
13.007803440094,50,26.582
13.0185434818268,50,30.8542
13.029381275177,50,30.8542
13.0400426387787,50,35.3348
13.0513095855713,50,35.3348
13.0620141029358,50,40.128
13.0726811885834,50,40.128
13.084169626236,50,45.1296
13.0959713459015,50,50.2875
13.1074421405792,50,50.2875
13.1188654899597,50,55.3933
13.1295745372772,50,55.3933
13.1411366462708,50,60.2386
13.1518018245697,50,60.2386
13.1629989147186,50,64.9797
13.1737313270569,50,64.9797
13.1852021217346,50,69.4082
13.1959257125855,50,73.5241
13.2066626548767,50,73.5241
13.2176756858826,50,77.3274
13.2284920215607,50,77.3274
13.2392768859863,50,80.6618
13.2501246929169,50,80.6618
13.2610294818878,50,83.4752
13.2718503475189,50,83.4752
13.2826516628265,50,85.7155
13.293509721756,50,85.7155
13.3043322563171,50,87.2785
13.3158578872681,50,88.2163
13.3267362117767,50,88.2163
13.3374366760254,50,88.4768
13.348081111908,50,88.4768
13.3589379787445,50,88.2163
13.3697025775909,50,88.2163
13.3807363510132,50,87.3827
13.391389131546,50,87.3827
13.4021506309509,50,85.976
13.4128804206848,50,85.976
13.4236114025116,50,83.9962
13.4345500469208,50,83.9962
13.445871591568,50,81.3912
13.4567203521729,50,78.2131
13.4675896167755,50,78.2131
13.4784860610962,50,74.7224
13.4892942905426,50,74.7224
13.5000956058502,50,70.867
13.510879278183,50,70.867
13.5217018127441,50,66.7511
13.53249168396,50,66.7511
13.5432703495026,50,62.3747
13.5541400909424,50,62.3747
13.565128326416,50,57.8941
13.5759553909302,50,53.2572
13.5867455005646,50,53.2572
13.5976264476776,50,48.5682
13.6084198951721,50,48.5682
13.6192712783813,50,43.8792
13.6301317214966,50,43.8792
13.6409978866577,50,39.4507
13.6517951488495,50,39.4507
13.6626632213593,50,35.2827
13.6734673976898,50,35.2827
13.6842565536499,50,31.4273
13.6955285072327,50,28.0408
13.7063896656036,50,28.0408
13.7172544002533,50,25.0711
13.7281169891357,50,25.0711
13.7389485836029,50,22.5182
13.7497177124023,50,22.5182
13.7604782581329,50,20.4342
13.7712898254395,50,20.4342
13.7821097373962,50,18.8712
13.7930080890656,50,18.8712
13.8038992881775,50,17.9334
13.8147788047791,50,17.9334
13.826131105423,50,17.6729
13.8370108604431,50,17.8813
13.8478176593781,50,17.8813
13.858601808548,50,18.6628
13.8694105148315,50,18.6628
13.8802421092987,50,20.0174
13.8910686969757,50,20.0174
13.9020028114319,50,21.893
13.9129164218903,50,21.893
13.9238615036011,50,24.2375
13.9347331523895,50,24.2375
13.9459912776947,50,26.9467
13.9568374156952,50,30.0727
13.9676308631897,50,30.0727
13.9785175323486,50,33.5113
13.9894480705261,50,33.5113
14.000408411026,50,37.2104
14.0113215446472,50,37.2104
14.022127866745,50,41.17
14.03302693367,50,41.17
14.0438389778137,50,45.338
14.0545539855957,50,45.338
14.0654947757721,50,49.6102
14.0761482715607,50,53.8303
14.0868782997131,50,53.8303
14.0975334644318,50,57.8941
14.1082899570465,50,57.8941
14.1191008090973,50,61.8016
14.12983751297,50,61.8016
14.140495300293,50,65.5007
14.1512994766235,50,65.5007
14.1619675159454,50,68.9393
14.1726336479187,50,68.9393
14.1833026409149,50,72.0653
14.1939733028412,50,72.0653
14.2048470973969,50,74.8266
14.2157685756683,50,77.2232
14.2264804840088,50,77.2232
14.2371435165405,50,79.1509
14.2479467391968,50,79.1509
14.2588851451874,50,80.6097
14.2697515487671,50,80.6097
14.2805588245392,50,81.4954
14.2912738323212,50,81.4954
14.3020963668823,50,81.8601
14.3127636909485,50,81.8601
14.3234305381775,50,81.7038
14.3344614505768,50,81.7038
14.3452656269073,50,81.0786
14.3561208248138,50,79.9324
14.3669323921204,50,79.9324
14.3775916099548,50,78.3694
14.388402223587,50,78.3694
14.3992965221405,50,76.3375
14.4100859165192,50,76.3375
14.4207463264465,50,73.9409
14.4315547943115,50,73.9409
14.4424388408661,50,71.2317
14.4531378746033,50,71.2317
14.4637925624847,50,68.2099
14.4745841026306,50,68.2099
14.4854083061218,50,64.9276
14.4964370727539,50,61.3848
14.5071706771851,50,61.3848
14.5179109573364,50,57.7899
14.5288367271423,50,57.7899
14.5395112037659,50,54.0908
14.55024933815,50,54.0908
14.5611710548401,50,50.2354
14.5720000267029,50,50.2354
14.5827302932739,50,46.4842
14.5943887233734,50,46.4842
14.6060602664948,50,42.8372
14.6176009178162,50,39.3465
14.6290147304535,50,39.3465
14.6404430866241,50,36.1684
14.6511709690094,50,36.1684
14.6636247634888,50,33.355
14.6751861572266,50,33.355
14.6860213279724,50,30.8542
14.6966745853424,50,28.666
14.7074413299561,50,28.666
14.7180874347687,50,26.9467
14.7287783622742,50,26.9467
14.7395541667938,50,25.6963
14.7502319812775,50,25.6963
14.7610418796539,50,24.9148
14.7717196941376,50,24.9148
14.782475233078,50,24.5501
14.7932291030884,50,24.5501
14.8040037155151,50,24.6543
14.8146758079529,50,24.6543
14.8253445625305,50,25.1232
14.8361048698425,50,26.061
14.8469152450562,50,26.061
14.8575692176819,50,27.3635
14.8683319091797,50,27.3635
14.8791036605835,50,29.1349
14.8898742198944,50,29.1349
14.9005846977234,50,31.2189
14.9112384319305,50,31.2189
14.9220023155212,50,33.6155
14.9327290058136,50,33.6155
14.9433908462524,50,36.2726
14.9542288780212,50,36.2726
14.9651386737823,50,39.1902
14.9843842983246,50,42.3162
14.9952178001404,50,42.3162
15.0059852600098,50,45.5985
15.0167255401611,50,48.985
15.0274755954742,50,48.985
15.0383377075195,50,52.3715
15.0490715503693,50,52.3715
15.0597190856934,50,55.6017
15.070544719696,50,55.6017
15.0812418460846,50,58.7277
15.0919139385223,50,58.7277
15.1026740074158,50,61.6974
15.1135399341583,50,61.6974
15.1242780685425,50,64.5108
15.1351017951965,50,64.5108
15.1460194587708,50,67.0637
15.1566863059998,50,69.304
15.1674928665161,50,69.304
15.1782824993134,50,71.2317
15.188946723938,50,71.2317
15.1996796131134,50,72.7947
15.2104444503784,50,72.7947
15.2212188243866,50,73.993
15.2318921089172,50,73.993
15.2425737380981,50,74.7745
15.2533457279205,50,74.7745
15.2640054225922,50,75.1392
15.2747538089752,50,75.1392
15.2859444618225,50,75.0871
15.2969148159027,50,74.6703
15.3075919151306,50,74.6703
15.3184480667114,50,73.9409
15.3291130065918,50,73.9409
15.3397836685181,50,72.7947
15.3506166934967,50,72.7947
15.3613650798798,50,71.3359
15.3721435070038,50,71.3359
15.3828182220459,50,69.5124
15.3934757709503,50,69.5124
15.4041855335236,50,67.4805
15.414874792099,50,67.4805
15.425910949707,50,65.136
15.4370577335358,50,62.6352
15.4478902816772,50,62.6352
15.4588010311127,50,59.926
15.4695246219635,50,59.926
15.4803433418274,50,57.1647
15.4915673732758,50,57.1647
15.5022587776184,50,54.3513
15.5129218101501,50,54.3513
15.5236668586731,50,51.3816
15.5343718528748,50,51.3816
15.5452139377594,50,48.464
15.5564448833466,50,48.464
15.5672001838684,50,45.5985
15.5784003734589,50,42.8893
15.5890543460846,50,42.8893
15.5997021198273,50,40.3364
15.611111164093,50,40.3364
15.6225368976593,50,38.0961
15.6332635879517,50,38.0961
15.6448142528534,50,36.1163
15.6556923389435,50,34.397
15.6664769649506,50,34.397
15.6771900653839,50,33.0424
15.6878893375397,50,33.0424
15.6985912322998,50,31.9483
15.7100391387939,50,31.9483
15.7214677333832,50,31.3231
15.7329077720642,50,31.3231
15.7435667514801,50,31.0105
15.7551264762878,50,31.0105
15.7676913738251,50,31.0105
15.778463602066,50,31.3752
15.7900023460388,50,31.3752
15.800742149353,50,32.0004
15.8114085197449,50,32.0004
15.822674036026,50,32.9382
15.8333320617676,50,32.9382
15.8441677093506,50,34.1886
15.8548800945282,50,34.1886
15.865700006485,50,35.6995
15.876460313797,50,37.4709
15.8871948719025,50,37.4709
15.8979821205139,50,39.4507
15.9087114334106,50,39.4507
15.9193737506866,50,41.6389
15.9300348758698,50,41.6389
15.9408581256866,50,43.9834
15.9515726566315,50,43.9834
15.9623634815216,50,46.4321
15.9731895923615,50,46.4321
15.983895778656,50,48.9329
15.9951136112213,50,48.9329
16.0066883563995,50,51.4858
16.0181427001953,50,53.9345
16.0289196968079,50,53.9345
16.0404615402222,50,56.279
16.0519585609436,50,56.279
16.0626873970032,50,58.5193
16.0733542442322,50,58.5193
16.0845732688904,50,60.5512
16.095415353775,50,60.5512
16.1065163612366,50,62.531
16.1180021762848,50,64.1982
16.1286907196045,50,64.1982
16.1402459144592,50,65.7091
16.1517999172211,50,65.7091
16.1633532047272,50,66.9074
16.1749196052551,50,66.9074
16.1876435279846,50,67.7931
16.1992661952972,50,68.4704
16.2107105255127,50,68.4704
16.2222051620483,50,68.7309
16.2329530715942,50,68.7309
16.243702173233,50,68.783
16.2545778751373,50,68.783
16.2655651569366,50,68.5225
16.2763488292694,50,68.0536
16.2870230674744,50,68.0536
16.2977120876312,50,67.2721
16.3083927631378,50,67.2721
16.3191394805908,50,66.2822
16.3298966884613,50,66.2822
16.3406524658203,50,65.0318
16.3514883518219,50,65.0318
16.3622255325317,50,63.5209
16.3729238510132,50,63.5209
16.383576631546,50,61.9058
16.3943455219269,50,61.9058
16.4053342342377,50,60.1344
16.4161858558655,50,58.2588
16.4269599914551,50,58.2588
16.4377589225769,50,56.279
16.4485623836517,50,56.279
16.4595654010773,50,54.2471
16.4704899787903,50,54.2471
16.4814655780792,50,52.1631
16.4922716617584,50,52.1631
16.5032143592834,50,50.0791
16.5141546726227,50,50.0791
16.5249311923981,50,47.9951
16.5357608795166,50,46.0153
16.546569108963,50,46.0153
16.5575220584869,50,44.1918
16.5683047771454,50,44.1918
16.5791573524475,50,42.5246
16.5899934768677,50,42.5246
16.6010921001434,50,41.0137
16.6118438243866,50,41.0137
16.6225175857544,50,39.7633
16.6335411071777,50,39.7633
16.6442251205444,50,38.7734
16.6554141044617,50,37.9398
16.6665010452271,50,37.9398
16.6771609783173,50,37.4188
16.6879887580872,50,37.4188
16.6989917755127,50,37.1583
16.7098963260651,50,37.1583
16.7210068702698,50,37.1062
16.7322571277618,50,37.1062
16.7430140972137,50,37.2625
16.7542953491211,50,37.2625
16.7653572559357,50,37.6793
16.7761616706848,50,38.3045
16.787339925766,50,38.3045
16.7987592220306,50,39.1381
16.8102858066559,50,39.1381
16.8218636512756,50,40.1801
16.8333985805511,50,40.1801
16.8442144393921,50,41.3784
16.8565759658813,50,42.733
16.8674454689026,50,42.733
16.8789818286896,50,44.1918
16.8896491527557,50,44.1918
16.9005031585693,50,45.7027
16.9113202095032,50,45.7027
16.9221239089966,50,47.422
16.9330439567566,50,47.422
16.9437229633331,50,49.0892
16.9546003341675,50,49.0892
16.9654095172882,50,50.8085
16.9762215614319,50,52.4757
16.9870705604553,50,52.4757
16.9979014396667,50,54.0908
17.0087969303131,50,54.0908
17.0196373462677,50,55.6017
17.0304501056671,50,55.6017
17.0412666797638,50,57.0084
17.0520050525665,50,57.0084
17.0626802444458,50,58.3109
17.0735564231873,50,58.3109
17.0842304229736,50,59.4571
17.0951070785522,50,59.4571
17.1061429977417,50,60.4991
17.116806268692,50,61.3327
17.1276407241821,50,61.3327
17.1383154392242,50,61.9579
17.1491706371307,50,61.9579
17.15984582901,50,62.4268
17.1706206798553,50,62.4268
17.1814515590668,50,62.6873
17.1922533512115,50,62.6873
17.2031896114349,50,62.7394
17.2140212059021,50,62.7394
17.2248675823212,50,62.6352
17.235933303833,50,62.3747
17.2468476295471,50,62.3747
17.2575776576996,50,61.9058
17.2682521343231,50,61.9058
17.2790017127991,50,61.2806
17.2897140979767,50,61.2806
17.3005175590515,50,60.4991
17.3112688064575,50,60.4991
17.3228116035461,50,59.6655
17.3343360424042,50,59.6655
17.345823764801,50,58.6235
17.3573648929596,50,57.5815
17.3681447505951,50,57.5815
17.3796479701996,50,56.4353
17.3912255764008,50,56.4353
17.4028005599976,50,55.237
17.414458990097,50,55.237
17.4261918067932,50,53.9866
17.4370188713074,50,52.7362
17.4479367733002,50,52.7362
17.458690404892,50,51.4858
17.4694788455963,50,51.4858
17.4801509380341,50,50.1833
17.4910094738007,50,50.1833
17.5017945766449,50,48.985
17.5126171112061,50,48.985
17.5237596035004,50,47.8388
17.5344347953796,50,47.8388
17.5454688072205,50,46.7968
17.5561306476593,50,45.859
17.5667986869812,50,45.859
17.5776374340057,50,45.0254
17.5884277820587,50,45.0254
17.5991950035095,50,44.3481
17.6103761196136,50,44.3481
17.6212165355682,50,43.8271
17.6318962574005,50,43.8271
17.6425585746765,50,43.4624
17.653332233429,50,43.4624
17.6643280982971,50,43.254
17.6751925945282,50,43.254
17.6860632896423,50,43.2019
17.6968009471893,50,43.254
17.7075960636139,50,43.254
17.7190356254578,50,43.4624
17.7304620742798,50,43.4624
17.7411901950836,50,43.7229
17.7526278495789,50,43.7229
17.764226436615,50,44.1918
17.775853395462,50,44.7128
17.7874767780304,50,44.7128
17.7981443405151,50,45.3901
17.8089277744293,50,45.3901
17.8197588920593,50,46.0674
17.8304300308228,50,46.0674
17.8413860797882,50,46.8489
17.8520634174347,50,46.8489
17.8627285957336,50,47.6304
17.8739860057831,50,47.6304
17.8847167491913,50,48.5161
17.8959891796112,50,49.4539
17.9068262577057,50,49.4539
17.917552947998,50,50.3396
17.928769826889,50,50.3396
17.9404499530792,50,51.2774
17.9519903659821,50,51.2774
17.9634830951691,50,52.111
17.9751830101013,50,52.111
17.9868848323822,50,52.9446
17.9982912540436,50,53.7261
18.0097961425781,50,53.7261
18.0204706192017,50,54.4555
18.0319714546204,50,54.4555
18.0426406860352,50,55.0807
18.0536544322968,50,55.0807
18.0643501281738,50,55.6538
18.0752878189087,50,55.6538
18.0864310264587,50,56.1227
18.0974066257477,50,56.4874
18.1080870628357,50,56.4874
18.1188168525696,50,56.7479
18.1295118331909,50,56.7479
18.1402206420898,50,56.8521
18.1510617733002,50,56.8521
18.1617195606232,50,56.9042
18.1725444793701,50,56.9042
18.1833128929138,50,56.9042
18.19398021698,50,56.9042
18.2049000263214,50,56.8521
18.215749502182,50,56.6958
18.2266047000885,50,56.6958
18.2372641563416,50,56.4874
18.2480411529541,50,56.4874
18.2589771747589,50,56.1748
18.2697496414185,50,56.1748
18.2805716991425,50,55.8622
18.2913913726807,50,55.8622
18.3020648956299,50,55.4454
18.3129255771637,50,55.4454
18.3237812519074,50,55.0286
18.3344526290894,50,55.0286
18.3453421592712,50,54.5597
18.3561387062073,50,54.0908
18.3670501708984,50,54.0908
18.3777256011963,50,53.5698
18.3883998394012,50,53.5698
18.3992269039154,50,53.1009
18.4100222587585,50,53.1009
18.4206957817078,50,52.5278
18.4315071105957,50,52.5278
18.4422826766968,50,52.0589
18.4531614780426,50,52.0589
18.4639661312103,50,51.59
18.474636554718,50,51.59
18.4858329296112,50,51.069
18.4966082572937,50,50.6522
18.5074944496155,50,50.6522
18.5185694694519,50,50.2354
18.5292420387268,50,50.2354
18.5400130748749,50,49.9228
18.55069231987,50,49.9228
18.5616483688355,50,49.6102
18.5723969936371,50,49.6102
18.5833280086517,50,49.4018
18.59401512146,50,49.4018
18.6046936511993,50,49.2455
18.6157336235046,50,49.0892
18.6263873577118,50,49.0892
18.6371533870697,50,49.0371
18.6480622291565,50,49.0371
18.6588931083679,50,49.0371
18.6697926521301,50,49.0371
18.6804654598236,50,49.0371
18.6912922859192,50,49.0371
18.7021291255951,50,49.0371
18.7131063938141,50,49.0371
18.723959684372,50,49.0892
18.7349078655243,50,49.0892
18.7462193965912,50,49.1934
18.7570693492889,50,49.2976
18.7678346633911,50,49.2976
18.7784862518311,50,49.4018
18.7894370555878,50,49.4018
18.8003702163696,50,49.5581
18.811291217804,50,49.5581
18.8219618797302,50,49.6623
18.8326227664948,50,49.6623
18.8434665203095,50,49.8186
18.85426902771,50,49.8186
18.8651781082153,50,49.9749
18.8760216236115,50,50.0791
18.8868548870087,50,50.0791
18.8977694511414,50,50.2875
18.9086532592773,50,50.2875
18.9193172454834,50,50.4438
18.9302010536194,50,50.4438
18.9410395622253,50,50.6001
18.9519243240356,50,50.6001
18.9626157283783,50,50.7564
18.9732911586761,50,50.7564
18.9840242862701,50,50.8606
18.9954915046692,50,50.8606
19.0068552494049,50,51.0169
19.0182149410248,50,51.069
19.0289530754089,50,51.069
19.0402476787567,50,51.1732
19.0509140491486,50,51.1732
19.0615789890289,50,51.2774
19.0722577571869,50,51.2774
19.0829894542694,50,51.3295
19.0936915874481,50,51.3295
19.1045429706574,50,51.3295
19.1156895160675,50,51.3816
19.126368522644,50,51.3816
19.1372187137604,50,51.3816
19.1478886604309,50,51.3816
19.1587381362915,50,51.3816
19.1695742607117,50,51.3816
19.1803221702576,50,51.3816
19.1910455226898,50,51.3816
19.2017858028412,50,51.3816
19.2124762535095,50,51.3816
19.2234227657318,50,51.3816
19.2342531681061,50,51.3816
19.2451612949371,50,51.3816
19.255978345871,50,51.3816
19.2666323184967,50,51.3816
19.2777638435364,50,51.3816
19.2884209156036,50,51.3816
19.2990660667419,50,51.3816
19.3102190494537,50,51.3816
19.3215460777283,50,51.3816
19.3321726322174,50,51.3816
19.3428196907043,50,51.3816
19.3538529872894,50,51.3816
19.3645515441895,50,51.3816
19.3756709098816,50,51.3816
19.3863368034363,50,51.3816
19.3975274562836,50,51.3816
19.4083421230316,50,51.3816
19.4193031787872,50,51.3816
19.4299805164337,50,51.3816
19.4406461715698,50,51.3816
19.4513282775879,50,51.3816
19.4625935554504,50,51.3816
19.4734354019165,50,51.3816
19.4842891693115,50,51.3816
19.4950573444366,50,51.3816
19.5060045719147,50,51.3816
19.5167682170868,50,51.3816
19.527679681778,50,51.3816
19.538810968399,50,51.3816
19.5501410961151,50,51.3816
19.5609829425812,50,51.3816
19.5717723369598,50,51.3816
19.5825309753418,50,51.3816
19.593273639679,50,51.3816
19.6041686534882,50,51.3816
19.6152513027191,50,51.3816
19.6264729499817,50,51.3816
19.6372666358948,50,51.3816
19.6481897830963,50,51.3816
19.6593112945557,50,51.3816
19.6701600551605,50,51.3816
19.6812229156494,50,51.3816
19.6924026012421,50,51.3816
19.7036244869232,50,51.3816
19.7145063877106,50,51.3816
19.7254300117493,50,51.3816
19.7362623214722,50,51.3816
19.7470622062683,50,51.3816
19.7579674720764,50,51.3816
19.7688691616058,50,51.3816
19.7797131538391,50,51.3816
19.7906105518341,50,51.3816
19.8014087677002,50,51.3816
19.8125860691071,50,51.3816
19.8239941596985,50,51.3816
19.8346607685089,50,51.3816
19.8460564613342,50,51.3816
19.8574571609497,50,51.3816
19.8683547973633,50,51.3816
19.8790638446808,50,51.3816
19.8904724121094,50,51.3816
19.9018805027008,50,51.3816
19.9125468730927,50,51.3816
19.9232172966003,50,51.3816
19.93470454216,50,51.3816
19.9458556175232,50,51.3816
19.9565217494965,50,51.3816
19.9673416614532,50,51.3816
19.978199005127,50,51.3816
19.9890432357788,50,51.3816
20.0001535415649,50,51.3816
20.0110778808594,50,51.3816
20.0220532417297,50,51.3816
20.0327944755554,50,51.3816
20.0436851978302,50,51.3816
20.0543942451477,50,51.3816
20.0653967857361,50,51.3816
20.0761597156525,50,51.3816
20.0869071483612,50,51.3816
20.0975520610809,50,51.3816
20.1084020137787,50,51.3816
20.1191289424896,50,51.3816
20.1301801204681,50,51.3816
20.1415991783142,50,51.3816
20.152339220047,50,51.3816
20.1639039516449,50,51.3816
20.1758804321289,50,51.3816
20.1866636276245,50,51.3816
20.1975157260895,50,51.3816
20.2087359428406,50,51.3816
20.219473361969,50,51.3816
20.2308292388916,50,51.3816
20.2415134906769,50,51.3816
20.2522578239441,50,51.3816
20.2636303901672,50,51.3816
20.2743439674377,50,51.3816
20.285129070282,50,51.3816
20.2960126399994,50,51.3816
20.3067896366119,50,51.3816
20.3176493644714,50,51.3816
20.3285307884216,50,51.3816
20.339325428009,50,51.3816
20.3500850200653,50,51.3816
20.3608710765839,50,51.3816
20.371693611145,50,51.3816
20.3824894428253,50,51.3816
20.3933291435242,50,51.3816
20.4042310714722,50,51.3816
20.4152653217316,50,51.3816
20.426698923111,50,51.3816
20.4381673336029,50,51.3816
20.449684381485,50,51.3816
20.4612190723419,50,51.3816
20.4719479084015,50,51.3816
20.4844501018524,50,51.3816
20.496077299118,50,51.3816
20.5068347454071,50,51.3816
20.5183162689209,50,51.3816
20.5290281772614,50,51.3816
20.539843082428,50,51.3816
20.5505888462067,50,51.3816
20.5614061355591,50,51.3816
20.5723135471344,50,51.3816
20.5830070972443,50,51.3816
20.5937483310699,50,51.3816
20.6044590473175,50,51.3816
20.6154072284699,50,51.3816
20.6264588832855,50,51.3816
20.6373429298401,50,51.3816
20.6482174396515,50,51.3816
20.6589350700378,50,51.3816
20.669659614563,50,51.3816
20.6804563999176,50,51.3816
20.6912784576416,50,51.3816
20.702091217041,50,51.3816
20.7129364013672,50,51.3816
20.7237842082977,50,51.3816
20.734566450119,50,51.3816
20.746396780014,50,51.3816
20.7571709156036,50,51.3816
20.7680435180664,50,51.3816
20.7788422107697,50,51.3816
20.7896239757538,50,51.3816
20.8004586696625,50,51.3816
20.811247587204,50,51.3816
20.8223147392273,50,51.3816
20.8332688808441,50,51.3816
20.8441271781921,50,51.3816
20.8552284240723,50,51.3816
20.8663523197174,50,51.3816
20.8771190643311,50,51.3816
20.8880002498627,50,51.3816
20.8989706039429,50,51.3816
20.9098777770996,50,51.3816
20.9207437038422,50,51.3816
20.9321675300598,50,51.3816
20.9428193569183,50,51.3816
20.9543867111206,50,51.3816
20.9653360843658,50,51.3816
20.9762299060822,50,51.3816
20.9871504306793,50,51.3816
20.9979591369629,50,51.3816
21.0087287425995,50,51.3816
21.0196709632874,50,51.3816
21.0305685997009,50,51.3816
21.0414593219757,50,51.3816
21.0522511005402,50,51.3816
21.063116312027,50,51.3816
21.0739064216614,50,51.3816
21.0848517417908,50,51.3816
21.0962266921997,50,51.3816
21.1078248023987,50,51.3816
21.1186606884003,50,51.3816
21.1298451423645,50,51.3816
21.1406562328339,50,51.3816
21.151575088501,50,51.3816
21.1623368263245,50,51.3816
21.1731419563293,50,51.3816
21.1839804649353,50,51.3816
21.194943189621,50,51.3816
21.2060987949371,50,51.3816
21.2168607711792,50,51.3816
21.2276828289032,50,51.3816
21.2384788990021,50,51.3816
21.2492709159851,50,51.3816
21.2600955963135,50,51.3816
21.2708704471588,50,51.3816
21.2817385196686,50,51.3816
21.2925634384155,50,51.3816
21.3033466339111,50,51.3816
21.3142142295837,50,51.3816
21.325187921524,50,51.3816
21.3360207080841,50,51.3816
21.3471534252167,50,51.3816
21.3580145835876,50,51.3816
21.3687798976898,50,51.3816
21.3795936107636,50,51.3816
21.3909180164337,50,51.3816
21.4015889167786,50,51.3816
21.4122500419617,50,51.3816
21.4233148097992,50,51.3816
21.4347393512726,50,51.3816
21.4464380741119,50,51.3816
21.4571866989136,50,51.3816
21.4678866863251,50,51.3816
21.4786412715912,50,51.3816
21.4893834590912,50,51.3816
21.5001392364502,50,51.3816
21.5110726356506,50,51.3816
21.5217678546906,50,51.3816
21.5324959754944,50,51.3816
21.5433704853058,50,51.3816
21.5540664196014,50,51.3816
21.5648303031921,50,51.3816
21.5757443904877,50,51.3816
21.5865218639374,50,51.3816
21.5973212718964,50,51.3816
21.6081597805023,50,51.3816
21.6188244819641,50,51.3816
21.6295721530914,50,51.3816
21.6403949260712,50,51.3816
21.6513833999634,50,51.3816
21.6620631217957,50,51.3816
21.6732561588287,50,51.3816
21.6845662593842,50,51.3816
21.6955993175507,50,51.3816
21.7062654495239,50,51.3816
21.7176716327667,50,51.3816
21.7283787727356,50,51.3816
21.7391872406006,50,51.3816
21.7505996227264,50,51.3816
21.7613351345062,50,51.3816
21.7721931934357,50,51.3816
21.7829728126526,50,51.3816
21.7937605381012,50,51.3816
21.8047189712524,50,51.3816
21.8157296180725,50,51.3816
21.8264772891998,50,51.3816
21.8372485637665,50,51.3816
21.8480639457703,50,51.3816
21.8588807582855,50,51.3816
21.869820356369,50,51.3816
21.8808736801147,50,51.3816
21.8917212486267,50,51.3816
21.9025800228119,50,51.3816
21.9133396148682,50,51.3816
21.924224615097,50,51.3816
21.9354336261749,50,51.3816
21.9462275505066,50,51.3816
21.9571030139923,50,51.3816
21.9680440425873,50,51.3816
21.9788296222687,50,51.3816
21.9895944595337,50,51.3816
22.0003864765167,50,51.3816
22.0112245082855,50,51.3816
22.0221326351166,50,51.3816
22.0329537391663,50,51.3816
22.0438101291657,50,51.3816
22.054584980011,50,51.3816
22.0659353733063,50,51.3816
22.0767159461975,50,51.3816
22.0875055789948,50,51.3816
22.0984327793121,50,51.3816
22.1092174053192,50,51.3816
22.1200542449951,50,51.3816
22.1308288574219,49.995,51.3816
22.1416983604431,49.985,51.3816
22.1525099277496,49.975,51.3816
22.1633517742157,49.955,51.3816
22.1742887496948,49.925,51.3816
22.1853182315826,49.895,51.3816
22.1962306499481,49.855,51.3816
22.2072353363037,49.81,51.3816
22.2181420326233,49.76,51.3816
22.2291345596313,49.7,51.3816
22.23996758461,49.65,51.3816
22.2509565353394,49.585,51.3816
22.261794090271,49.51,51.3816
22.2725653648376,49.43,51.3816
22.2832906246185,49.34,51.3816
22.2939562797546,49.25,51.3816
22.3046963214874,49.15,51.3816
22.3158228397369,49.045,51.3816
22.3267889022827,48.935,51.3816
22.3375127315521,48.845,51.3816
22.3482716083527,48.72,51.3816
22.3589406013489,48.595,51.3816
22.3696737289429,48.465,51.3816
22.3803660869598,48.325,51.3816
22.39102435112,48.18,51.3816
22.4017271995544,48.06,51.3295
22.4125583171845,47.905,51.3295
22.4232285022736,47.745,51.3295
22.4341566562653,47.58,51.3295
22.4448418617249,47.41,51.3295
22.4561102390289,47.23,51.2774
22.4670078754425,47.05,51.2774
22.4778368473053,46.9,51.2253
22.489013671875,46.705,51.2253
22.5000891685486,46.51,51.1732
22.5115368366241,46.305,51.1732
22.5230784416199,46.1,51.069
22.5346574783325,45.885,51.069
22.5464346408844,45.62,50.9648
22.5579807758331,45.395,50.8085
22.5694129467011,45.165,50.8085
22.5800764560699,44.935,50.6522
22.5915660858154,44.695,50.6522
22.6031107902527,44.45,50.6522
22.6146907806397,44.2,50.6522
22.6264817714691,43.895,50.2354
22.6379826068878,43.635,49.9228
22.6494755744934,43.37,49.9228
22.6601300239563,43.1,49.6102
22.6710097789764,42.825,49.6102
22.6817121505737,42.55,49.2455
22.6925194263458,42.325,49.2455
22.7032012939453,42.04,48.7766
22.7138690948486,41.75,48.7766
22.7246034145355,41.515,48.3077
22.7356278896332,41.215,47.7867
22.7464394569397,40.915,47.7867
22.7572119235992,40.67,47.1615
22.7680304050446,40.365,47.1615
22.7788219451904,40.05,46.5363
22.7895746231079,39.8,46.5363
22.8004224300385,39.48,45.859
22.811315536499,39.16,45.859
22.8220648765564,38.835,45.1296
22.8328483104706,38.505,45.1296
22.8435940742493,38.24,44.3481
22.8543407917023,37.905,44.3481
22.865133523941,37.565,43.5666
22.8758511543274,37.295,42.733
22.8865485191345,36.95,42.733
22.8972580432892,36.6,41.8473
22.9079675674438,36.255,41.8473
22.918693780899,35.97,40.9616
22.9295279979706,35.615,40.9616
22.9409930706024,35.26,40.0238
22.9525129795074,34.9,40.0238
22.9632649421692,34.535,39.086
22.9748470783234,34.175,39.086
22.9860012531281,33.805,38.1482
22.9967398643494,33.435,37.2104
23.0075867176056,33.065,37.2104
23.0188624858856,32.695,36.2726
23.0295181274414,32.395,36.2726
23.0402898788452,32.015,35.3348
23.0517265796661,31.64,35.3348
23.062399148941,31.26,34.4491
23.0738942623138,30.88,34.4491
23.0862295627594,30.495,33.5634
23.0970389842987,30.11,32.7298
23.1078252792358,29.725,32.7298
23.1187000274658,29.415,31.8441
23.129668712616,29.03,31.8441
23.1405172348022,28.64,31.8441
23.1513063907623,28.25,31.8441
23.1622357368469,27.86,30.229
23.1731028556824,27.47,30.229
23.1846940517426,27,29.4475
23.1960620880127,26.61,28.666
23.2069871425629,26.215,28.666
23.2177276611328,25.9,27.9887
23.229208946228,25.43,27.9887
23.2399210929871,25.115,27.9887
23.2507231235504,24.72,27.9887
23.2615301609039,24.33,26.6341
23.2724087238312,24.015,26.6341
23.2833194732666,23.62,26.061
23.29465508461,23.23,26.061
23.3056099414825,22.84,25.4358
23.3164222240448,22.445,24.8627
23.3271131515503,22.055,24.8627
23.3378138542175,21.745,24.3417
23.3486044406891,21.355,24.3417
23.3594181537628,21.045,23.7686
23.370233297348,20.655,23.7686
23.3811507225037,20.27,23.2476
23.3918550014496,19.885,23.2476
23.4029395580292,19.5,22.7266
23.4137735366821,19.195,22.7266
23.4245212078095,18.81,22.7266
23.436322927475,18.43,21.6846
23.4470884799957,18.055,21.6846
23.4579765796661,17.675,21.1636
23.4688353538513,17.3,21.1636
23.4796879291534,17.005,20.5905
23.4904003143311,16.63,20.5905
23.5012023448944,16.265,20.0695
23.5120594501495,15.97,20.0695
23.5229735374451,15.605,19.5485
23.5338273048401,15.24,19.5485
23.5447342395782,14.95,18.9754
23.5557923316956,14.595,18.4544
23.5670809745789,14.235,18.4544
23.5778064727783,13.885,17.8813
23.5892157554626,13.53,17.8813
23.6005449295044,13.185,17.8813
23.611358165741,12.84,17.8813
23.6220750808716,12.5,16.683
23.6335542201996,12.16,16.683
23.6450610160828,11.755,16.683
23.6557137966156,11.49,15.4326
23.6664826869965,11.16,15.4326
23.6774616241455,10.835,14.7553
23.6881227493286,10.515,14.7553
23.6993792057037,10.195,14.078
23.7100942134857,9.88,14.078
23.7207605838776,9.63,13.3486
23.7321715354919,9.325,13.3486
23.7428328990936,9.02,12.6713
23.7542762756348,8.72,12.6713
23.7667813301086,8.42,11.8898
23.7774903774261,8.13,11.8898
23.789009809494,7.84,11.8898
23.8005754947662,7.615,10.5352
23.8121712207794,7.335,10.5352
23.8228876590729,7.06,10.5352
23.833952665329,6.785,10.5352
23.8448269367218,6.52,9.1285
23.855744600296,6.255,8.3991
23.8667097091675,6,8.3991
23.8776919841766,5.745,7.7218
23.8885812759399,5.495,7.7218
23.8995923995972,5.255,7.0445
23.9105455875397,5.015,7.0445
23.9216890335083,4.78,6.3151
23.9326028823853,4.555,6.3151
23.9437825679779,4.33,5.6378
23.9547028541565,4.11,5.6378
23.9660875797272,3.895,5.0126
23.9769251346588,3.69,4.3874
23.9876508712769,3.485,4.3874
23.9984350204468,3.29,4.3874
24.0094149112701,3.095,4.3874
24.020446062088,2.91,3.2412
24.0314555168152,2.73,3.2412
24.0422894954681,2.585,2.7202
24.0532834529877,2.415,2.7202
24.0641348361969,2.25,2.2513
24.0759310722351,2.09,1.7824
24.0868368148804,1.935,1.7824
24.0976929664612,1.785,1.4177
24.1084241867065,1.645,1.4177
24.119268655777,1.505,1.053
24.1300547122955,1.4,1.053
24.1408309936523,1.275,1.053
24.1516394615173,1.15,1.053
24.1624577045441,1.035,0.427800000000001
24.1733076572418,0.925,0.427800000000001
24.1843369007111,0.845,0.427800000000001
24.1958138942719,0.745,-0.0411000000000001
24.2069413661957,0.655,-0.0411000000000001
24.2180616855621,0.565,-0.197400000000002
24.2290670871735,0.485,-0.197400000000002
24.2399663925171,0.41,-0.3537
24.2509546279907,0.345,-0.3537
24.261815071106,0.28,-0.457899999999999
24.2728199958801,0.235,-0.457899999999999
24.283814907074,0.185,-0.510000000000002
24.2946915626526,0.14,-0.510000000000002
24.3058459758759,0.1,-0.562100000000001
24.3168118000031,0.075,-0.562100000000001
24.3278870582581,0.045,-0.562100000000001
24.3388781547546,0.025,-0.562100000000001
24.3497149944305,0.01,-0.562100000000001
24.3607082366943,0,-0.562100000000001
24.3717091083527,0,-0.562100000000001
24.3827707767487,0,-0.562100000000001
24.3935806751251,0,-0.562100000000001
24.4043941497803,0,-0.562100000000001
24.4151494503021,0,-0.562100000000001
24.4260728359222,0,-0.510000000000002
24.4368424415588,0,-0.562100000000001
24.447562456131,0,-0.562100000000001
24.4582166671753,0,-0.562100000000001
24.4689404964447,0,-0.562100000000001
24.4797086715698,0,-0.562100000000001
24.4904563426971,0,-0.562100000000001
24.5011627674103,0,-0.562100000000001
24.511833190918,0,-0.562100000000001
24.5226304531097,0,-0.562100000000001
24.5333132743835,0,-0.562100000000001
24.5440101623535,0,-0.562100000000001
24.5548338890076,0,-0.562100000000001
24.5661737918854,0,-0.562100000000001
24.577006816864,0,-0.562100000000001
24.587694644928,0,-0.562100000000001
24.5984091758728,0,-0.562100000000001
24.6090552806854,0,-0.562100000000001
24.6197147369385,0,-0.562100000000001
24.6304183006287,0,-0.562100000000001
24.6410782337189,0,-0.562100000000001
24.6518201828003,0,-0.562100000000001
24.6625442504883,0,-0.562100000000001
24.6732678413391,0,-0.562100000000001
24.6839520931244,0,-0.562100000000001
24.6947071552277,0,-0.562100000000001
24.7054445743561,0,-0.562100000000001
24.7162549495697,0,-0.562100000000001
24.7269215583801,0,-0.562100000000001
24.7376234531403,0,-0.510000000000002
24.748300075531,0,-0.510000000000002
24.7589554786682,0,-0.510000000000002
24.7696902751923,0,-0.510000000000002
24.7804231643677,0,-0.562100000000001
24.7911183834076,0,-0.562100000000001
24.8018069267273,0,-0.562100000000001
24.812520980835,0,-0.562100000000001
24.8231930732727,0,-0.562100000000001
24.8339505195618,0,-0.562100000000001
24.8446826934814,0,-0.562100000000001
24.8560791015625,0,-0.562100000000001
24.8666818141937,0,-0.562100000000001
24.8773696422577,0,-0.510000000000002
24.8880698680878,0,-0.510000000000002
24.8988018035889,0,-0.510000000000002
24.9095163345337,0,-0.510000000000002
24.9201958179474,0,-0.562100000000001
24.930924654007,0,-0.562100000000001
24.9415698051453,0,-0.562100000000001
24.9522888660431,0,-0.562100000000001
24.9629409313202,0,-0.562100000000001
24.9736530780792,0,-0.562100000000001
24.9843194484711,0,-0.562100000000001
24.9950823783875,0,-0.562100000000001
25.0059061050415,0,-0.562100000000001
25.0170555114746,0,-0.510000000000002
25.0277564525604,0,-0.510000000000002
25.0384418964386,0,-0.562100000000001
25.050422668457,0,-0.562100000000001
25.0617742538452,0,-0.562100000000001
25.0724201202393,0,-0.562100000000001
25.0837976932526,0,-0.562100000000001
25.0943470001221,0,-0.562100000000001
25.1048972606659,0,-0.562100000000001
25.1156733036041,0,-0.562100000000001
25.1262335777283,0,-0.562100000000001
25.1373381614685,0,-0.562100000000001
25.1478679180145,0,-0.562100000000001
25.1591999530792,0,-0.562100000000001
25.1697306632996,0,-0.562100000000001
25.1802861690521,0,-0.562100000000001
25.1914141178131,0,-0.562100000000001
25.2019875049591,0,-0.510000000000002
25.2126471996307,0,-0.510000000000002
25.2231955528259,0,-0.510000000000002
25.2345292568207,0,-0.510000000000002
25.2451980113983,0,-0.562100000000001
25.2557628154755,0,-0.562100000000001
25.2668495178223,0,-0.562100000000001
25.2773892879486,0,-0.562100000000001
25.2882800102234,0,-0.562100000000001
25.2988259792328,0,-0.562100000000001
25.3101568222046,0,-0.562100000000001
25.3207123279572,0,-0.562100000000001
25.3312652111053,0,-0.562100000000001
25.3418025970459,0,-0.510000000000002
25.3524241447449,0,-0.510000000000002
25.3629717826843,0,-0.562100000000001
25.3742983341217,0,-0.562100000000001
25.3848397731781,0,-0.562100000000001
25.3955504894257,0,-0.562100000000001
25.4066262245178,0,-0.562100000000001
25.4171633720398,0,-0.562100000000001
25.4280014038086,0,-0.562100000000001
25.4385535717011,0,-0.562100000000001
25.4498913288116,0,-0.562100000000001
25.4604294300079,0,-0.510000000000002
25.4709711074829,0,-0.510000000000002
25.4820470809937,0,-0.510000000000002
25.4925880432129,0,-0.510000000000002
25.503481388092,0,-0.562100000000001
25.5147836208344,0,-0.562100000000001
25.5264139175415,0,-0.562100000000001
25.536979675293,0,-0.562100000000001
25.5482709407806,0,-0.562100000000001
25.5588912963867,0,-0.562100000000001
25.5694677829742,0,-0.562100000000001
25.5806515216827,0,-0.562100000000001
25.5911908149719,0,-0.562100000000001
25.6021990776062,0,-0.562100000000001
25.612722158432,0,-0.562100000000001
25.6240727901459,0,-0.562100000000001
25.6346135139465,0,-0.562100000000001
25.6458427906036,0,-0.562100000000001
25.6563980579376,0,-0.562100000000001
25.6669657230377,0,-0.562100000000001
25.677666425705,0,-0.562100000000001
25.6881983280182,0,-0.562100000000001
25.6995396614075,0,-0.510000000000002
25.7100641727448,0,-0.510000000000002
25.7206053733826,0,-0.510000000000002
25.7317409515381,0,-0.510000000000002
25.742303609848,0,-0.510000000000002
25.7531237602234,0,-0.510000000000002
25.7636542320251,0,-0.510000000000002
25.775128364563,0,-0.510000000000002
25.7867176532745,0,-0.510000000000002
25.7980952262878,0,-0.510000000000002
25.8086471557617,0,-0.510000000000002
25.8191993236542,0,-0.510000000000002
25.8303079605103,0,-0.510000000000002
25.8408689498901,0,-0.510000000000002
25.8518216609955,0,-0.510000000000002
25.8623614311218,0,-0.510000000000002
25.8736989498138,0,-0.510000000000002
25.8842523097992,0,-0.562100000000001
25.8948049545288,0,-0.562100000000001
25.906233549118,0,-0.562100000000001
25.9167966842651,0,-0.562100000000001
25.9273684024811,0,-0.562100000000001
25.9379284381866,0,-0.562100000000001
25.9492661952972,0,-0.562100000000001
25.9598088264465,0,-0.562100000000001
25.9703576564789,0,-0.562100000000001
25.9809165000916,0,-0.562100000000001
25.9916799068451,0,-0.562100000000001
26.0022213459015,0,-0.510000000000002
26.0135636329651,0,-0.510000000000002
26.0241205692291,0,-0.510000000000002
26.0346727371216,0,-0.510000000000002
26.04603266716,0,-0.562100000000001
26.0566501617432,0,-0.510000000000002
26.067241191864,0,-0.510000000000002
26.0778203010559,0,-0.510000000000002
26.0891752243042,0,-0.510000000000002
26.0997157096863,0,-0.510000000000002
26.1102566719055,0,-0.510000000000002
26.1213488578796,0,-0.510000000000002
26.1319797039032,0,-0.510000000000002
26.1425323486328,0,-0.510000000000002
26.153151512146,0,-0.510000000000002
26.1637382507324,0,-0.510000000000002
26.1743521690369,0,-0.510000000000002
26.1849517822266,0,-0.562100000000001
26.1957223415375,0,-0.562100000000001
26.2062494754791,0,-0.562100000000001
26.216774225235,0,-0.562100000000001
26.2273209095001,0,-0.562100000000001
26.2378578186035,0,-0.510000000000002
26.2484674453735,0,-0.510000000000002
26.2590608596802,0,-0.510000000000002
26.2695963382721,0,-0.510000000000002
26.2802031040192,0,-0.562100000000001
26.2907998561859,0,-0.562100000000001
26.3013479709625,0,-0.562100000000001
26.3119285106659,0,-0.562100000000001
26.3226404190063,0,-0.562100000000001
26.3331999778748,0,-0.562100000000001
26.3437440395355,0,-0.562100000000001
26.3543553352356,0,-0.562100000000001
26.3649311065674,0,-0.562100000000001
26.3757009506226,0,-0.562100000000001
26.3862447738647,0,-0.562100000000001
26.3967933654785,0,-0.510000000000002
26.4073171615601,0,-0.510000000000002
26.4179177284241,0,-0.510000000000002
26.428530216217,0,-0.510000000000002
26.4390735626221,0,-0.510000000000002
26.4496626853943,0,-0.510000000000002
26.4602138996124,0,-0.562100000000001
26.4707839488983,0,-0.562100000000001
26.4813137054443,0,-0.562100000000001
26.491845369339,0,-0.562100000000001
26.5023694038391,0,-0.510000000000002
26.512904882431,0,-0.510000000000002
26.5234477519989,0,-0.510000000000002
26.5340588092804,0,-0.510000000000002
26.5446617603302,0,-0.510000000000002
26.5556054115295,0,-0.510000000000002
26.5661540031433,0,-0.510000000000002
26.5767221450806,0,-0.562100000000001
26.5872890949249,0,-0.562100000000001
26.5979871749878,0,-0.510000000000002
26.6086168289185,0,-0.510000000000002
26.6192378997803,0,-0.510000000000002
26.6297855377197,0,-0.510000000000002
26.640355348587,0,-0.562100000000001
26.6508858203888,0,-0.562100000000001
26.6615207195282,0,-0.562100000000001
26.6720979213715,0,-0.562100000000001
26.6827037334442,0,-0.562100000000001
26.6932334899902,0,-0.562100000000001
26.7038276195526,0,-0.562100000000001
26.7143931388855,0,-0.562100000000001
26.724928855896,0,-0.562100000000001
26.7356307506561,0,-0.562100000000001
26.7461538314819,0,-0.562100000000001
26.7566771507263,0,-0.562100000000001
26.7671964168549,0,-0.562100000000001
26.7777850627899,0,-0.562100000000001
26.7883796691895,0,-0.562100000000001
26.7989037036896,0,-0.562100000000001
26.8094868659973,0,-0.562100000000001
26.8200242519379,0,-0.562100000000001
26.8306024074554,0,-0.562100000000001
26.8411266803741,0,-0.562100000000001
26.8516490459442,0,-0.562100000000001
26.8621680736542,0,-0.510000000000002
26.8726947307587,0,-0.510000000000002
26.8832306861877,0,-0.510000000000002
26.8938510417938,0,-0.510000000000002
26.9044616222382,0,-0.510000000000002
26.9151000976563,0,-0.510000000000002
26.9259560108185,0,-0.510000000000002
26.9365017414093,0,-0.510000000000002
26.9470303058624,0,-0.510000000000002
26.9576101303101,0,-0.510000000000002
26.9681339263916,0,-0.510000000000002
26.9787352085114,0,-0.510000000000002
26.9892756938934,0,-0.510000000000002
26.999861240387,0,-0.562100000000001
27.0104458332062,0,-0.562100000000001
27.0209872722626,0,-0.562100000000001
27.0316767692566,0,-0.562100000000001
27.0422165393829,0,-0.562100000000001
27.0527563095093,0,-0.562100000000001
27.0632843971252,0,-0.562100000000001
27.0739142894745,0,-0.562100000000001
27.0844810009003,0,-0.562100000000001
27.095454454422,0,-0.562100000000001
27.1060101985931,0,-0.562100000000001
27.1165342330933,0,-0.510000000000002
27.127064704895,0,-0.510000000000002
27.1376812458038,0,-0.510000000000002
27.1482586860657,0,-0.510000000000002
27.1587927341461,0,-0.562100000000001
27.1693842411041,0,-0.562100000000001
27.1799509525299,0,-0.562100000000001
27.1904861927032,0,-0.562100000000001
27.2010111808777,0,-0.562100000000001
27.2116169929504,0,-0.562100000000001
27.2222197055817,0,-0.562100000000001
27.2327561378479,0,-0.562100000000001
27.2433516979218,0,-0.562100000000001
27.253915309906,0,-0.562100000000001
27.2644410133362,0,-0.562100000000001
27.2753667831421,0,-0.562100000000001
27.2860157489777,0,-0.562100000000001
27.2965633869171,0,-0.562100000000001
27.3071570396423,0,-0.562100000000001
27.3176786899567,0,-0.562100000000001
27.3282568454742,0,-0.562100000000001
27.3388774394989,0,-0.510000000000002
27.3494040966034,0,-0.510000000000002
27.3599553108215,0,-0.510000000000002
27.3704791069031,0,-0.510000000000002
27.3810701370239,0,-0.510000000000002
27.3916351795197,0,-0.510000000000002
27.402172088623,0,-0.562100000000001
27.4132790565491,0,-0.562100000000001
27.4238128662109,0,-0.562100000000001
27.4355316162109,0,-0.562100000000001
27.4468784332275,0,-0.562100000000001
27.4574081897736,0,-0.562100000000001
27.4679324626923,0,-0.562100000000001
27.4790358543396,0,-0.510000000000002
27.4896078109741,0,-0.510000000000002
27.5003390312195,0,-0.510000000000002
27.5108692646027,0,-0.510000000000002
27.5222158432007,0,-0.562100000000001
27.5327458381653,0,-0.562100000000001
27.5432713031769,0,-0.562100000000001
27.5538539886475,0,-0.562100000000001
27.5644025802612,0,-0.510000000000002
27.5758240222931,0,-0.510000000000002
27.586662530899,0,-0.510000000000002
27.5979857444763,0,-0.510000000000002
27.6085114479065,0,-0.510000000000002
27.6190309524536,0,-0.510000000000002
27.6301095485687,0,-0.510000000000002
27.6406543254852,0,-0.510000000000002
27.6515312194824,0,-0.510000000000002
27.6620557308197,0,-0.562100000000001
27.6733732223511,0,-0.562100000000001
27.6839079856873,0,-0.562100000000001
27.6944353580475,0,-0.562100000000001
27.7050831317902,0,-0.510000000000002
27.7156310081482,0,-0.510000000000002
27.7269194126129,0,-0.510000000000002
27.7374582290649,0,-0.562100000000001
27.7487740516663,0,-0.562100000000001
27.7593059539795,0,-0.562100000000001
27.7698307037354,0,-0.562100000000001
27.7803683280945,0,-0.562100000000001
27.7908933162689,0,-0.562100000000001
27.8021619319916,0,-0.510000000000002
27.8127176761627,0,-0.510000000000002
27.8232402801514,0,-0.510000000000002
27.8337743282318,0,-0.510000000000002
27.844847202301,0,-0.562100000000001
27.8555474281311,0,-0.562100000000001
27.866250038147,0,-0.562100000000001
27.8767700195313,0,-0.562100000000001
27.8880975246429,0,-0.562100000000001
27.8986387252808,0,-0.562100000000001
27.909166097641,0,-0.562100000000001
27.9202191829681,0,-0.510000000000002
27.9307541847229,0,-0.510000000000002
27.9417562484741,0,-0.562100000000001
27.9522769451141,0,-0.562100000000001
27.9635934829712,0,-0.562100000000001
27.9741201400757,0,-0.562100000000001
27.9846518039703,0,-0.562100000000001
27.9958503246307,0,-0.562100000000001
28.0063900947571,0,-0.562100000000001
28.0170812606812,0,-0.562100000000001
28.0276176929474,0,-0.562100000000001
28.0389311313629,0,-0.562100000000001
28.0494456291199,0,-0.562100000000001
28.0599625110626,0,-0.562100000000001
28.0710382461548,0,-0.562100000000001
28.0816121101379,0,-0.562100000000001
28.0926208496094,0,-0.562100000000001
28.1039140224457,0,-0.562100000000001
28.1144759654999,0,-0.562100000000001
28.1251537799835,0,-0.562100000000001
28.1362500190735,0,-0.562100000000001
28.1467843055725,0,-0.562100000000001
28.1573119163513,0,-0.562100000000001
28.1679978370667,0,-0.562100000000001
28.1785242557526,0,-0.562100000000001
28.1898555755615,0,-0.562100000000001
28.2003774642944,0,-0.562100000000001
28.2115435600281,0,-0.562100000000001
28.2221467494965,0,-0.562100000000001
28.2327079772949,0,-0.562100000000001
28.2433335781097,0,-0.562100000000001
28.2539765834808,0,-0.562100000000001
28.2646019458771,0,-0.562100000000001
28.2755200862885,0,-0.562100000000001
28.2860956192017,0,-0.562100000000001
28.2966465950012,0,-0.562100000000001
28.3072547912598,0,-0.562100000000001
28.3177855014801,0,-0.510000000000002
28.3292067050934,0,-0.510000000000002
28.3397505283356,0,-0.562100000000001
28.3502850532532,0,-0.562100000000001
28.3613538742065,0,-0.562100000000001
28.3718903064728,0,-0.562100000000001
28.3827655315399,0,-0.562100000000001
28.3940582275391,0,-0.562100000000001
28.4046075344086,0,-0.562100000000001
28.4160532951355,0,-0.510000000000002
28.4266042709351,0,-0.510000000000002
28.4371395111084,0,-0.510000000000002
28.4482200145721,0,-0.510000000000002
28.4588432312012,0,-0.510000000000002
28.4694635868073,0,-0.510000000000002
28.4800338745117,0,-0.510000000000002
28.490962266922,0,-0.510000000000002
28.5015017986298,0,-0.562100000000001
28.5120341777802,0,-0.562100000000001
28.522577047348,0,-0.562100000000001
28.5332641601563,0,-0.562100000000001
28.5446801185608,0,-0.562100000000001
28.5555138587952,0,-0.562100000000001
28.5661399364471,0,-0.562100000000001
28.5767228603363,0,-0.562100000000001
28.587370634079,0,-0.562100000000001
28.5979175567627,0,-0.562100000000001
28.6084744930267,0,-0.562100000000001
28.6190054416657,0,-0.562100000000001
28.6295566558838,0,-0.562100000000001
28.6401698589325,0,-0.510000000000002
28.6507716178894,0,-0.510000000000002
28.6613051891327,0,-0.510000000000002
28.6719028949738,0,-0.510000000000002
28.6824386119843,0,-0.510000000000002
28.6929786205292,0,-0.510000000000002
28.7035920619965,0,-0.562100000000001
28.7141461372376,0,-0.562100000000001
28.7246890068054,0,-0.562100000000001
28.7354650497437,0,-0.510000000000002
28.7461087703705,0,-0.510000000000002
28.7567028999329,0,-0.510000000000002
28.7672221660614,0,-0.510000000000002
28.7778248786926,0,-0.510000000000002
28.7883822917938,0,-0.510000000000002
28.7989017963409,0,-0.510000000000002
28.8094244003296,0,-0.510000000000002
28.8200232982636,0,-0.562100000000001
28.8306601047516,0,-0.562100000000001
28.8412086963654,0,-0.562100000000001
28.8518054485321,0,-0.562100000000001
28.8623428344727,0,-0.562100000000001
28.8728902339935,0,-0.562100000000001
28.883514881134,0,-0.562100000000001
28.8940765857697,0,-0.562100000000001
28.9046123027802,0,-0.562100000000001
28.9153671264648,0,-0.562100000000001
28.9260969161987,0,-0.562100000000001
28.9366517066956,0,-0.562100000000001
28.9472558498383,0,-0.562100000000001
28.9577968120575,0,-0.562100000000001
28.9683501720428,0,-0.562100000000001
28.9788980484009,0,-0.562100000000001
28.9895446300507,0,-0.562100000000001
29.0002336502075,0,-0.562100000000001
29.010790348053,0,-0.562100000000001
29.0214021205902,0,-0.510000000000002
29.0320136547089,0,-0.510000000000002
29.0425887107849,0,-0.510000000000002
29.0531723499298,0,-0.510000000000002
29.0638184547424,0,-0.562100000000001
29.0744912624359,0,-0.562100000000001
29.0852038860321,0,-0.562100000000001
29.0958540439606,0,-0.510000000000002
29.1064302921295,0,-0.510000000000002
29.1169815063477,0,-0.510000000000002
29.1276247501373,0,-0.510000000000002
29.1382873058319,0,-0.562100000000001
29.1488397121429,0,-0.562100000000001
29.159435749054,0,-0.562100000000001
29.1700458526611,0,-0.562100000000001
29.1806106567383,0,-0.562100000000001
29.1912145614624,0,-0.562100000000001
29.2017805576324,0,-0.510000000000002
29.2123582363129,0,-0.510000000000002
29.2229268550873,0,-0.562100000000001
29.2335860729218,0,-0.562100000000001
29.244243144989,0,-0.510000000000002
29.2548065185547,0,-0.510000000000002
29.2656931877136,0,-0.510000000000002
29.2762637138367,0,-0.562100000000001
29.286853313446,0,-0.562100000000001
29.2974698543549,0,-0.562100000000001
29.3081052303314,0,-0.562100000000001
29.3186793327332,0,-0.510000000000002
29.3293175697327,0,-0.510000000000002
29.3399584293365,0,-0.510000000000002
29.3505568504334,0,-0.510000000000002
29.3611104488373,0,-0.510000000000002
29.3721895217896,0,-0.510000000000002
29.3827500343323,0,-0.562100000000001
29.3935010433197,0,-0.562100000000001
29.404055595398,0,-0.510000000000002
29.4155516624451,0,-0.562100000000001
29.4261293411255,0,-0.562100000000001
29.4367101192474,0,-0.510000000000002
29.4473888874054,0,-0.510000000000002
29.4579608440399,0,-0.510000000000002
29.4685981273651,0,-0.510000000000002
29.4791786670685,0,-0.510000000000002
29.4897634983063,0,-0.510000000000002
29.5003471374512,0,-0.510000000000002
29.5110788345337,0,-0.510000000000002
29.5216636657715,0,-0.510000000000002
29.5322511196136,0,-0.510000000000002
29.542875289917,0,-0.510000000000002
29.5534512996674,0,-0.510000000000002
29.5640270709991,0,-0.562100000000001
29.5747208595276,0,-0.562100000000001
29.58558177948,0,-0.562100000000001
29.5962469577789,0,-0.562100000000001
29.6068592071533,0,-0.562100000000001
29.6174244880676,0,-0.562100000000001
29.6280364990234,0,-0.562100000000001
29.6386063098907,0,-0.510000000000002
29.6492464542389,0,-0.510000000000002
29.6598620414734,0,-0.510000000000002
29.6704490184784,0,-0.510000000000002
29.6810686588287,0,-0.562100000000001
29.6916363239288,0,-0.562100000000001
29.7022542953491,0,-0.562100000000001
29.7128305435181,0,-0.562100000000001
29.7241523265839,0,-0.562100000000001
29.7347114086151,0,-0.562100000000001
29.7464582920074,0,-0.562100000000001
29.7578539848328,0,-0.510000000000002
29.7692356109619,0,-0.510000000000002
29.779810667038,0,-0.562100000000001
29.7904014587402,0,-0.562100000000001
29.801539182663,0,-0.562100000000001
29.812132358551,0,-0.562100000000001
29.8228807449341,0,-0.562100000000001
29.8342256546021,0,-0.562100000000001
29.8447964191437,0,-0.562100000000001
29.856255531311,0,-0.510000000000002
29.8668420314789,0,-0.510000000000002
29.8774058818817,0,-0.510000000000002
29.8885486125946,0,-0.510000000000002
29.8991718292236,0,-0.510000000000002
29.9098410606384,0,-0.510000000000002
29.9203972816467,0,-0.510000000000002
29.9318044185638,0,-0.510000000000002
29.9423837661743,0,-0.510000000000002
29.9534883499146,0,-0.510000000000002
29.9640622138977,0,-0.510000000000002
29.9746742248535,0,-0.510000000000002
29.9857823848724,0,-0.562100000000001
29.9968299865723,0,-0.510000000000002
30.007420539856,0,-0.510000000000002
30.0187933444977,0,-0.562100000000001
30.02934217453,0,-0.562100000000001
30.0404827594757,0,-0.562100000000001
30.0511884689331,0,-0.562100000000001
30.0618581771851,0,-0.562100000000001
30.0724685192108,0,-0.562100000000001
30.0838212966919,0,-0.562100000000001
30.0944166183472,0,-0.562100000000001
30.1050763130188,0,-0.562100000000001
30.1158504486084,0,-0.562100000000001
30.1264176368713,0,-0.562100000000001
30.1371130943298,0,-0.562100000000001
30.1477334499359,0,-0.562100000000001
30.1590783596039,0,-0.510000000000002
30.169647693634,0,-0.510000000000002
30.1809549331665,0,-0.510000000000002
30.1916110515595,0,-0.510000000000002
30.2023410797119,0,-0.510000000000002
30.2130436897278,0,-0.510000000000002
30.2236297130585,0,-0.510000000000002
30.2343883514404,0,-0.510000000000002
30.245142698288,0,-0.510000000000002
30.2557218074799,0,-0.510000000000002
30.2664365768433,0,-0.510000000000002
30.2771174907684,0,-0.510000000000002
30.2878515720367,0,-0.510000000000002
30.2984421253204,0,-0.562100000000001
30.3090345859528,0,-0.562100000000001
30.3196384906769,0,-0.562100000000001
30.3303904533386,0,-0.562100000000001
30.3411645889282,0,-0.510000000000002
30.3519196510315,0,-0.510000000000002
30.3625059127808,0,-0.510000000000002
30.3731238842011,0,-0.510000000000002
30.3837065696716,0,-0.510000000000002
30.3944642543793,0,-0.510000000000002
30.4052724838257,0,-0.562100000000001
30.4160225391388,0,-0.562100000000001
30.4266664981842,0,-0.562100000000001
30.4372644424438,0,-0.562100000000001
30.448618888855,0,-0.562100000000001
30.4591920375824,0,-0.562100000000001
30.4698898792267,0,-0.562100000000001
30.480614900589,0,-0.510000000000002
30.4914102554321,0,-0.510000000000002
30.5020077228546,0,-0.510000000000002
30.5126180648804,0,-0.510000000000002
30.5232117176056,0,-0.510000000000002
30.5339207649231,0,-0.510000000000002
30.544646024704,0,-0.562100000000001
30.5557096004486,0,-0.510000000000002
30.5664405822754,0,-0.510000000000002
30.5776872634888,0,-0.510000000000002
30.589066028595,0,-0.510000000000002
30.5996603965759,0,-0.510000000000002
30.6110384464264,0,-0.510000000000002
30.6216204166412,0,-0.510000000000002
30.6323616504669,0,-0.510000000000002
30.6430795192719,0,-0.510000000000002
30.653644323349,0,-0.510000000000002
30.6643629074097,0,-0.562100000000001
30.6751153469086,0,-0.562100000000001
30.6860973834991,0,-0.562100000000001
30.6967868804932,0,-0.562100000000001
30.7073836326599,0,-0.562100000000001
30.7180528640747,0,-0.510000000000002
30.7287936210632,0,-0.510000000000002
30.7394428253174,0,-0.510000000000002
30.7501740455627,0,-0.510000000000002
30.7609112262726,0,-0.510000000000002
30.7715845108032,0,-0.510000000000002
30.7823207378387,0,-0.510000000000002
30.7929244041443,0,-0.510000000000002
30.8035244941711,0,-0.562100000000001
30.8143258094788,0,-0.562100000000001
30.8250753879547,0,-0.562100000000001
30.8358187675476,0,-0.510000000000002
30.8464159965515,0,-0.510000000000002
30.8570287227631,0,-0.562100000000001
30.8680171966553,0,-0.562100000000001
30.8787064552307,0,-0.562100000000001
30.8894324302673,0,-0.562100000000001
30.9001305103302,0,-0.510000000000002
30.9107253551483,0,-0.510000000000002
30.9212877750397,0,-0.562100000000001
30.931843996048,0,-0.562100000000001
30.9424324035645,0,-0.510000000000002
30.9530231952667,0,-0.510000000000002
30.9637303352356,0,-0.510000000000002
30.9743506908417,0,-0.510000000000002
30.9851622581482,0,-0.510000000000002
30.9958245754242,0,-0.510000000000002
31.0064013004303,0,-0.510000000000002
31.0169637203217,0,-0.562100000000001
31.0277872085571,0,-0.562100000000001
31.0384271144867,0,-0.510000000000002
31.0489938259125,0,-0.510000000000002
31.0596330165863,0,-0.510000000000002
31.0702211856842,0,-0.510000000000002
31.0808267593384,0,-0.562100000000001
31.0915532112122,0,-0.562100000000001
31.1021497249603,0,-0.510000000000002
31.1128122806549,0,-0.510000000000002
31.1233851909637,0,-0.562100000000001
31.1339421272278,0,-0.562100000000001
31.1453573703766,0,-0.562100000000001
31.1559646129608,0,-0.562100000000001
31.1666195392609,0,-0.562100000000001
31.1772656440735,0,-0.562100000000001
31.1880657672882,0,-0.562100000000001
31.1988763809204,0,-0.510000000000002
31.2095093727112,0,-0.510000000000002
31.2200751304626,0,-0.510000000000002
31.2307274341583,0,-0.510000000000002
31.241361618042,0,-0.562100000000001
31.2520825862885,0,-0.562100000000001
31.2626416683197,0,-0.562100000000001
31.2732436656952,0,-0.562100000000001
31.2839198112488,0,-0.510000000000002
31.2946743965149,0,-0.510000000000002
31.3056836128235,0,-0.562100000000001
31.3163697719574,0,-0.562100000000001
31.3270092010498,0,-0.562100000000001
31.3375792503357,0,-0.510000000000002
31.3482282161713,0,-0.510000000000002
31.3588547706604,0,-0.510000000000002
31.3694083690643,0,-0.510000000000002
31.379949092865,0,-0.562100000000001
31.3905167579651,0,-0.562100000000001
31.4011116027832,0,-0.510000000000002
31.4117910861969,0,-0.510000000000002
31.4226174354553,0,-0.562100000000001
31.4332287311554,0,-0.562100000000001
31.4439425468445,0,-0.510000000000002
31.454607963562,0,-0.510000000000002
31.4653210639954,0,-0.562100000000001
31.4760611057282,0,-0.562100000000001
31.4866728782654,0,-0.562100000000001
31.4973514080048,0,-0.562100000000001
31.5080332756042,0,-0.562100000000001
31.5186321735382,0,-0.510000000000002
31.5293080806732,0,-0.510000000000002
31.5399675369263,0,-0.510000000000002
31.5505678653717,0,-0.510000000000002
31.5617434978485,0,-0.562100000000001
31.5723178386688,0,-0.562100000000001
31.582902431488,0,-0.562100000000001
31.5935952663422,0,-0.562100000000001
31.6042804718018,0,-0.510000000000002
31.615163564682,0,-0.510000000000002
31.6262536048889,0,-0.510000000000002
31.6369996070862,0,-0.562100000000001
31.6476709842682,0,-0.562100000000001
31.6583726406097,0,-0.510000000000002
31.6690857410431,0,-0.510000000000002
31.6798071861267,0,-0.510000000000002
31.6904537677765,0,-0.510000000000002
31.7011804580688,0,-0.562100000000001
31.7118577957153,0,-0.562100000000001
31.7226383686066,0,-0.562100000000001
31.7332141399384,0,-0.562100000000001
31.7438092231751,0,-0.562100000000001
31.7546103000641,0,-0.562100000000001
31.7652685642242,0,-0.510000000000002
31.7760212421417,0,-0.510000000000002
31.7867858409882,0,-0.510000000000002
31.7974715232849,0,-0.562100000000001
31.808037519455,0,-0.562100000000001
31.8186659812927,0,-0.562100000000001
31.8292725086212,0,-0.562100000000001
31.8399605751038,0,-0.562100000000001
31.8506233692169,0,-0.562100000000001
31.8611950874329,0,-0.562100000000001
31.8718779087067,0,-0.562100000000001
31.8824942111969,0,-0.510000000000002
31.8930685520172,0,-0.510000000000002
31.9038276672363,0,-0.510000000000002
31.9145405292511,0,-0.510000000000002
31.9252288341522,0,-0.510000000000002
31.935875415802,0,-0.562100000000001
31.9465520381928,0,-0.562100000000001
31.9571478366852,0,-0.562100000000001
31.9683012962341,0,-0.562100000000001
31.9788875579834,0,-0.562100000000001
31.990053653717,0,-0.562100000000001
32.0006604194641,0,-0.510000000000002
32.0114181041718,0,-0.510000000000002
32.0220055580139,0,-0.562100000000001
32.0333707332611,0,-0.562100000000001
32.0439450740814,0,-0.562100000000001
32.0554986000061,0,-0.562100000000001
32.0666351318359,0,-0.562100000000001
32.0772151947022,0,-0.562100000000001
32.0878982543945,0,-0.562100000000001
32.09858751297,0,-0.510000000000002
32.1093363761902,0,-0.510000000000002
32.1200687885284,0,-0.510000000000002
32.1308145523071,0,-0.510000000000002
32.1415338516235,0,-0.562100000000001
32.1522877216339,0,-0.562100000000001
32.16295337677,0,-0.510000000000002
32.1738739013672,0,-0.510000000000002
32.1844615936279,0,-0.562100000000001
32.1958885192871,0,-0.510000000000002
32.2064428329468,0,-0.510000000000002
32.2171399593353,0,-0.510000000000002
32.2278354167938,0,-0.510000000000002
32.2385587692261,0,-0.510000000000002
32.2491409778595,0,-0.510000000000002
32.2597250938416,0,-0.562100000000001
32.2702889442444,0,-0.562100000000001
32.2809627056122,0,-0.562100000000001
32.2916111946106,0,-0.562100000000001
32.3022873401642,0,-0.562100000000001
32.3128471374512,0,-0.562100000000001
32.3234465122223,0,-0.510000000000002
32.3340375423431,0,-0.510000000000002
32.3447043895721,0,-0.562100000000001
32.3556265830994,0,-0.562100000000001
32.3663489818573,0,-0.562100000000001
32.3769755363464,0,-0.562100000000001
32.3876461982727,0,-0.562100000000001
32.3983218669891,0,-0.562100000000001
32.4088749885559,0,-0.562100000000001
32.4194207191467,0,-0.562100000000001
32.4300177097321,0,-0.562100000000001
32.4405617713928,0,-0.510000000000002
32.4511396884918,0,-0.510000000000002
32.4616804122925,0,-0.510000000000002
32.4722812175751,0,-0.510000000000002
32.482887506485,0,-0.510000000000002
32.4934463500977,0,-0.510000000000002
32.5039849281311,0,-0.510000000000002
32.5145440101624,0,-0.510000000000002
32.5251843929291,0,-0.562100000000001
32.5357413291931,0,-0.510000000000002
32.5463004112244,0,-0.510000000000002
32.5569305419922,0,-0.510000000000002
32.5676209926605,0,-0.510000000000002
32.5783138275147,0,-0.510000000000002
32.5890476703644,0,-0.510000000000002
32.5997612476349,0,-0.510000000000002
32.6104047298431,0,-0.510000000000002
32.6210477352142,0,-0.562100000000001
32.6316969394684,0,-0.562100000000001
32.6423881053925,0,-0.562100000000001
32.6530361175537,0,-0.562100000000001
32.6636719703674,0,-0.562100000000001
32.6743109226227,0,-0.562100000000001
32.68505859375,0,-0.562100000000001
32.6957442760468,0,-0.562100000000001
